Issuer Name,Issue Date,Maturity,Bid Price,Ask Price,Cpn,Currency,MidPrice,CouponRate,Face,Frequency,FittedPrice,Residual
United States Treasury Note/Bond,2018-02-28,2025-02-28,99.98046875,100.0078125,2.75,USD,99.994140625,0.0275,100.0,2,99.98444509271289,-0.009695532287111064
United States Treasury Note/Bond,2023-02-28,2025-02-28,99.984375,100.0195313,4.625,USD,100.00195314999999,0.04625,100.0,2,99.99937924692364,-0.00257390307635319
United States Treasury Note/Bond,2020-03-02,2025-02-28,99.9453125,100.0117188,1.125,USD,99.97851564999999,0.01125,100.0,2,99.97150215906358,-0.007013490936415678
United States Treasury Note/Bond,2022-03-15,2025-03-15,99.859375,99.9140625,1.75,USD,99.88671875,0.0175,100.0,2,99.86313186491962,-0.023586885080376874
United States Treasury Note/Bond,2020-03-31,2025-03-31,99.62109375,99.703125,0.5,USD,99.662109375,0.005,100.0,2,99.6307339124086,-0.03137546259139867
United States Treasury Note/Bond,2023-03-31,2025-03-31,99.9375,99.9921875,3.875,USD,99.96484375,0.03875,100.0,2,99.93897918674192,-0.025864563258082285
United States Treasury Note/Bond,2018-04-02,2025-03-31,99.8203125,99.88671875,2.625,USD,99.853515625,0.02625,100.0,2,99.82481427032216,-0.02870135467783541
United States Treasury Note/Bond,2022-04-18,2025-04-15,99.74609375,99.8359375,2.625,USD,99.791015625,0.02625,100.0,2,99.75227888704312,-0.038736737956881484
United States Treasury Note/Bond,2018-04-30,2025-04-30,99.73046875,99.79296875,2.875,USD,99.76171875,0.02875,100.0,2,99.7246966258028,-0.03702212419719331
United States Treasury Note/Bond,2020-04-30,2025-04-30,99.2734375,99.3671875,0.375,USD,99.3203125,0.00375,100.0,2,99.29475784834578,-0.02555465165421822
United States Treasury Note/Bond,2023-05-01,2025-04-30,99.90625,99.9453125,3.875,USD,99.92578125,0.03875,100.0,2,99.89667213678563,-0.029109113214374815
United States Treasury Note/Bond,2015-05-15,2025-05-15,99.515625,99.58203125,2.125,USD,99.548828125,0.02125,100.0,2,99.50913607040391,-0.039692054596088155
United States Treasury Note/Bond,2022-05-16,2025-05-15,99.65625,99.7109375,2.75,USD,99.68359375,0.0275,100.0,2,99.64257931378728,-0.04101443621271983
United States Treasury Note/Bond,2018-05-31,2025-05-31,99.59375,99.6640625,2.875,USD,99.62890625,0.02875,100.0,2,99.60453636505117,-0.024369884948825415
United States Treasury Note/Bond,2023-05-31,2025-05-31,99.9609375,100.0039063,4.25,USD,99.98242189999999,0.0425,100.0,2,99.95563046498425,-0.02679143501573833
United States Treasury Note/Bond,2020-06-01,2025-05-31,98.91796875,99.0078125,0.25,USD,98.962890625,0.0025,100.0,2,98.93426581063349,-0.0286248143665091
United States Treasury Note/Bond,2022-06-15,2025-06-15,99.54296875,99.60546875,2.875,USD,99.57421875,0.02875,100.0,2,99.5483215398822,-0.025897210117804548
United States Treasury Note/Bond,2020-06-30,2025-06-30,98.6328125,98.6875,0.25,USD,98.66015625,0.0025,100.0,2,98.61106130398274,-0.04909494601726294
United States Treasury Note/Bond,2023-06-30,2025-06-30,100.0898438,100.140625,4.625,USD,100.11523439999999,0.04625,100.0,2,100.08124438730705,-0.03399001269293933
United States Treasury Note/Bond,2018-07-02,2025-06-30,99.46875,99.51171875,2.75,USD,99.490234375,0.0275,100.0,2,99.4511659230252,-0.039068451974799245
United States Treasury Note/Bond,2022-07-15,2025-07-15,99.4921875,99.53125,3.0,USD,99.51171875,0.03,100.0,2,99.49240631382033,-0.01931243617967482
United States Treasury Note/Bond,2018-07-31,2025-07-31,99.38671875,99.43359375,2.875,USD,99.41015625,0.02875,100.0,2,99.38895128457436,-0.02120496542563899
United States Treasury Note/Bond,2020-07-31,2025-07-31,98.27734375,98.3359375,0.25,USD,98.306640625,0.0025,100.0,2,98.2816729553339,-0.02496766966609698
United States Treasury Note/Bond,2023-07-31,2025-07-31,100.171875,100.2109375,4.75,USD,100.19140625,0.0475,100.0,2,100.17986437688899,-0.011541873111013956
United States Treasury Note/Bond,1995-08-15,2025-08-15,101.1367188,101.7304688,6.875,USD,101.4335938,0.06875,100.0,2,101.18680884356588,-0.24678495643411225
United States Treasury Note/Bond,2022-08-15,2025-08-15,99.44140625,99.4765625,3.125,USD,99.458984375,0.03125,100.0,2,99.45275542425871,-0.006228950741288486
United States Treasury Note/Bond,2015-08-17,2025-08-15,98.91796875,98.953125,2.0,USD,98.935546875,0.02,100.0,2,98.93253939846655,-0.0030074765334546782
United States Treasury Note/Bond,2018-08-31,2025-08-31,99.19921875,99.23828125,2.75,USD,99.21875,0.0275,100.0,2,99.19582780016735,-0.022922199832649426
United States Treasury Note/Bond,2020-08-31,2025-08-31,97.953125,98.01171875,0.25,USD,97.982421875,0.0025,100.0,2,97.95305586121158,-0.029366013788418854
United States Treasury Note/Bond,2023-08-31,2025-08-31,100.3203125,100.3476563,5.0,USD,100.33398439999999,0.05,100.0,2,100.31432254522755,-0.019661854772436982
United States Treasury Note/Bond,2022-09-15,2025-09-15,99.55859375,99.59375,3.5,USD,99.576171875,0.035,100.0,2,99.54096601686499,-0.03520585813501498
United States Treasury Note/Bond,2018-10-01,2025-09-30,99.25390625,99.28125,3.0,USD,99.267578125,0.03,100.0,2,99.22520178021041,-0.04237634478958796
United States Treasury Note/Bond,2023-10-02,2025-09-30,100.3828125,100.4296875,5.0,USD,100.40625,0.05,100.0,2,100.37844596913385,-0.027804030866150242
United States Treasury Note/Bond,2020-09-30,2025-09-30,97.625,97.69140625,0.25,USD,97.658203125,0.0025,100.0,2,97.63949102044067,-0.01871210455932726
United States Treasury Note/Bond,2022-10-17,2025-10-15,99.98828125,100.0195313,4.25,USD,100.00390627499999,0.0425,100.0,2,99.95729969532493,-0.04660657967505699
United States Treasury Note/Bond,2018-10-31,2025-10-31,99.16015625,99.1953125,3.0,USD,99.177734375,0.03,100.0,2,99.12654644938064,-0.051187925619359476
United States Treasury Note/Bond,2023-10-31,2025-10-31,100.4648438,100.5117188,5.0,USD,100.4882813,0.05,100.0,2,100.44203067249337,-0.04625062750662323
United States Treasury Note/Bond,2020-11-02,2025-10-31,97.328125,97.390625,0.25,USD,97.359375,0.0025,100.0,2,97.31775564260063,-0.041619357399369505
United States Treasury Note/Bond,2022-11-15,2025-11-15,100.1328125,100.1601563,4.5,USD,100.14648439999999,0.045,100.0,2,100.13171194319303,-0.014772456806966261
United States Treasury Note/Bond,2015-11-16,2025-11-15,98.56640625,98.609375,2.25,USD,98.587890625,0.0225,100.0,2,98.56019366882524,-0.027696956174764864
United States Treasury Note/Bond,2018-11-30,2025-11-30,98.9609375,99.0,2.875,USD,98.98046875,0.02875,100.0,2,98.94687501496803,-0.03359373503197105
United States Treasury Note/Bond,2020-11-30,2025-11-30,97.09765625,97.15625,0.375,USD,97.126953125,0.00375,100.0,2,97.10137250791928,-0.025580617080720458
United States Treasury Note/Bond,2023-11-30,2025-11-30,100.421875,100.4570313,4.875,USD,100.43945314999999,0.04875,100.0,2,100.42327702060706,-0.01617612939293167
United States Treasury Note/Bond,2022-12-15,2025-12-15,99.80859375,99.8515625,4.0,USD,99.830078125,0.04,100.0,2,99.77688606681599,-0.05319205818400974
United States Treasury Note/Bond,2024-01-02,2025-12-31,100.0,100.0429688,4.25,USD,100.02148439999999,0.0425,100.0,2,99.96541304616252,-0.056071353837467086
United States Treasury Note/Bond,2018-12-31,2025-12-31,98.68359375,98.72265625,2.625,USD,98.703125,0.02625,100.0,2,98.6353890722309,-0.06773592776910675
United States Treasury Note/Bond,2020-12-31,2025-12-31,96.8203125,96.88671875,0.375,USD,96.853515625,0.00375,100.0,2,96.79381741601787,-0.059698208982126744
United States Treasury Note/Bond,2023-01-17,2026-01-15,99.7109375,99.74609375,3.875,USD,99.728515625,0.03875,100.0,2,99.65727350765827,-0.07124211734172547
United States Treasury Note/Bond,2019-01-31,2026-01-31,98.55078125,98.5859375,2.625,USD,98.568359375,0.02625,100.0,2,98.52042623399728,-0.04793314100271573
United States Treasury Note/Bond,2024-01-31,2026-01-31,100.0,100.0273438,4.25,USD,100.01367189999999,0.0425,100.0,2,99.98711245385223,-0.026559446147757626
United States Treasury Note/Bond,2021-02-01,2026-01-31,96.5,96.55859375,0.375,USD,96.529296875,0.00375,100.0,2,96.4896299295827,-0.039666945417295096
United States Treasury Note/Bond,1996-02-15,2026-02-15,101.5195313,102.140625,6.0,USD,101.83007814999999,0.06,100.0,2,101.64353215855407,-0.1865459914459251
United States Treasury Note/Bond,2023-02-15,2026-02-15,99.76953125,99.80859375,4.0,USD,99.7890625,0.04,100.0,2,99.75881001109514,-0.030252488904864094
United States Treasury Note/Bond,2016-02-16,2026-02-15,97.5390625,97.57421875,1.625,USD,97.556640625,0.01625,100.0,2,97.52070246098765,-0.03593816401235017
United States Treasury Note/Bond,2019-02-28,2026-02-28,98.30859375,98.3359375,2.5,USD,98.322265625,0.025,100.0,2,98.29077613147925,-0.03148949352075192
United States Treasury Note/Bond,2024-02-29,2026-02-28,100.375,100.3945313,4.625,USD,100.38476564999999,0.04625,100.0,2,100.36588868913041,-0.018876960869576465
United States Treasury Note/Bond,2021-03-01,2026-02-28,96.3359375,96.3828125,0.5,USD,96.359375,0.005,100.0,2,96.33772901839579,-0.02164598160420894
United States Treasury Note/Bond,2023-03-15,2026-03-15,100.3945313,100.4296875,4.625,USD,100.41210939999999,0.04625,100.0,2,100.38447264555268,-0.027636754447314615
United States Treasury Note/Bond,2021-03-31,2026-03-31,96.33203125,96.359375,0.75,USD,96.345703125,0.0075,100.0,2,96.30768903281339,-0.038014092186614334
United States Treasury Note/Bond,2019-04-01,2026-03-31,97.92578125,97.9609375,2.25,USD,97.943359375,0.0225,100.0,2,97.88899992640111,-0.05435944859888764
United States Treasury Note/Bond,2024-04-01,2026-03-31,100.2890625,100.3164063,4.5,USD,100.30273439999999,0.045,100.0,2,100.2609662667827,-0.041768133217289005
United States Treasury Note/Bond,2023-04-17,2026-04-15,99.4921875,99.51171875,3.75,USD,99.501953125,0.0375,100.0,2,99.46329706431486,-0.038656060685141824
United States Treasury Note/Bond,2019-04-30,2026-04-30,97.92578125,97.95703125,2.375,USD,97.94140625,0.02375,100.0,2,97.88954304973231,-0.051863200267689535
United States Treasury Note/Bond,2021-04-30,2026-04-30,96.07421875,96.10546875,0.75,USD,96.08984375,0.0075,100.0,2,96.04714867763455,-0.04269507236544712
United States Treasury Note/Bond,2024-04-30,2026-04-30,100.7460938,100.765625,4.875,USD,100.75585939999999,0.04875,100.0,2,100.72399592988272,-0.03186347011727264
United States Treasury Note/Bond,2023-05-15,2026-05-15,99.3203125,99.34765625,3.625,USD,99.333984375,0.03625,100.0,2,99.2916641569102,-0.0423202180897988
United States Treasury Note/Bond,2016-05-16,2026-05-15,96.97265625,97.0078125,1.625,USD,96.990234375,0.01625,100.0,2,96.94438678493675,-0.04584759006324646
United States Treasury Note/Bond,2019-05-31,2026-05-31,97.46875,97.5,2.125,USD,97.484375,0.02125,100.0,2,97.44400696866589,-0.040368031334111265
United States Treasury Note/Bond,2024-05-31,2026-05-31,100.8046875,100.828125,4.875,USD,100.81640625,0.04875,100.0,2,100.77848598271443,-0.037920267285571185
United States Treasury Note/Bond,2021-06-01,2026-05-31,95.8046875,95.8359375,0.75,USD,95.8203125,0.0075,100.0,2,95.77676746164163,-0.0435450383583742
United States Treasury Note/Bond,2023-06-15,2026-06-15,99.921875,99.94140625,4.125,USD,99.931640625,0.04125,100.0,2,99.8751659343876,-0.05647469061240429
United States Treasury Note/Bond,2021-06-30,2026-06-30,95.703125,95.734375,0.875,USD,95.71875,0.00875,100.0,2,95.67973382931224,-0.0390161706877592
United States Treasury Note/Bond,2019-07-01,2026-06-30,97.01171875,97.04296875,1.875,USD,97.02734375,0.01875,100.0,2,96.9710137462927,-0.05633000370730201
United States Treasury Note/Bond,2024-07-01,2026-06-30,100.5703125,100.5859375,4.625,USD,100.578125,0.04625,100.0,2,100.52203351798894,-0.056091482011055405
United States Treasury Note/Bond,2023-07-17,2026-07-15,100.4257813,100.4414063,4.5,USD,100.4335938,0.045,100.0,2,100.38604484502488,-0.047548954975113134
United States Treasury Note/Bond,2019-07-31,2026-07-31,96.8359375,96.86328125,1.875,USD,96.849609375,0.01875,100.0,2,96.79874440291853,-0.05086497208147023
United States Treasury Note/Bond,2024-07-31,2026-07-31,100.2578125,100.28125,4.375,USD,100.26953125,0.04375,100.0,2,100.23297315167383,-0.036558098326167965
United States Treasury Note/Bond,2021-08-02,2026-07-31,95.11328125,95.14453125,0.625,USD,95.12890625,0.00625,100.0,2,95.08163002854086,-0.047276221459142675
United States Treasury Note/Bond,1996-08-15,2026-08-15,103.5351563,104.0859375,6.75,USD,103.81054689999999,0.0675,100.0,2,103.6010443503978,-0.20950254960219183
United States Treasury Note/Bond,2016-08-15,2026-08-15,96.21875,96.25,1.5,USD,96.234375,0.015,100.0,2,96.18443196705788,-0.04994303294212443
United States Treasury Note/Bond,2023-08-15,2026-08-15,100.2695313,100.2890625,4.375,USD,100.27929689999999,0.04375,100.0,2,100.24591017698211,-0.033386723017883924
United States Treasury Note/Bond,2021-08-31,2026-08-31,95.01953125,95.05078125,0.75,USD,95.03515625,0.0075,100.0,2,94.98203769558772,-0.053118554412279195
United States Treasury Note/Bond,2019-09-03,2026-08-31,95.94921875,95.9765625,1.375,USD,95.962890625,0.01375,100.0,2,95.88579469746796,-0.0770959275320422
United States Treasury Note/Bond,2024-09-03,2026-08-31,99.36328125,99.38671875,3.75,USD,99.375,0.0375,100.0,2,99.32007130461285,-0.054928695387147286
United States Treasury Note/Bond,2023-09-15,2026-09-15,100.6640625,100.6835938,4.625,USD,100.67382814999999,0.04625,100.0,2,100.6042476741114,-0.06958047588858562
United States Treasury Note/Bond,2019-09-30,2026-09-30,96.12109375,96.1484375,1.625,USD,96.134765625,0.01625,100.0,2,96.05715879198684,-0.07760683301316362
United States Treasury Note/Bond,2021-09-30,2026-09-30,94.953125,94.98046875,0.875,USD,94.966796875,0.00875,100.0,2,94.91552465685858,-0.05127221814142047
United States Treasury Note/Bond,2024-09-30,2026-09-30,98.96484375,98.98046875,3.5,USD,98.97265625,0.035,100.0,2,98.91124412980747,-0.06141212019252862
United States Treasury Note/Bond,2023-10-16,2026-10-15,100.6953125,100.71875,4.625,USD,100.70703125,0.04625,100.0,2,100.65231121595762,-0.05472003404237569
United States Treasury Note/Bond,2019-10-31,2026-10-31,95.90234375,95.9296875,1.625,USD,95.916015625,0.01625,100.0,2,95.8604936836299,-0.05552194137010247
United States Treasury Note/Bond,2024-10-31,2026-10-31,99.90234375,99.91015625,4.125,USD,99.90625,0.04125,100.0,2,99.86070104997412,-0.045548950025875
United States Treasury Note/Bond,2021-11-01,2026-10-31,95.08984375,95.1171875,1.125,USD,95.103515625,0.01125,100.0,2,95.06045221036105,-0.0430634146389508
United States Treasury Note/Bond,1996-11-15,2026-11-15,104.0820313,104.5898438,6.5,USD,104.33593755,0.065,100.0,2,103.75887777599719,-0.5770597740028052
United States Treasury Note/Bond,2016-11-15,2026-11-15,96.41015625,96.4453125,2.0,USD,96.427734375,0.02,100.0,2,96.38265614219553,-0.045078232804470986
United States Treasury Note/Bond,2023-11-15,2026-11-15,100.71875,100.7382813,4.625,USD,100.72851564999999,0.04625,100.0,2,100.6854520952465,-0.043063554753487665
United States Treasury Note/Bond,2021-11-30,2026-11-30,95.08984375,95.12109375,1.25,USD,95.10546875,0.0125,100.0,2,95.04522762707903,-0.060241122920970724
United States Treasury Note/Bond,2019-12-02,2026-11-30,95.72265625,95.75,1.625,USD,95.736328125,0.01625,100.0,2,95.67422774681842,-0.06210037818158298
United States Treasury Note/Bond,2024-12-02,2026-11-30,100.125,100.1289063,4.25,USD,100.12695314999999,0.0425,100.0,2,100.0772285849941,-0.04972456500588862
United States Treasury Note/Bond,2023-12-15,2026-12-15,100.3359375,100.3515625,4.375,USD,100.34375,0.04375,100.0,2,100.30272059507207,-0.04102940492792584
United States Treasury Note/Bond,2019-12-31,2026-12-31,95.765625,95.79296875,1.75,USD,95.779296875,0.0175,100.0,2,95.69762183012548,-0.08167504487451538
United States Treasury Note/Bond,2021-12-31,2026-12-31,94.875,94.8984375,1.25,USD,94.88671875,0.0125,100.0,2,94.82041339090316,-0.06630535909684454
United States Treasury Note/Bond,2024-12-31,2026-12-31,100.1367188,100.1445313,4.25,USD,100.14062505,0.0425,100.0,2,100.08366402623723,-0.05696102376276713
United States Treasury Note/Bond,2024-01-16,2027-01-15,99.6875,99.703125,4.0,USD,99.6953125,0.04,100.0,2,99.65021005165023,-0.04510244834976618
United States Treasury Note/Bond,2020-01-31,2027-01-31,95.09375,95.125,1.5,USD,95.109375,0.015,100.0,2,95.06006422396949,-0.04931077603050937
United States Treasury Note/Bond,2025-01-31,2027-01-31,99.921875,99.9296875,4.125,USD,99.92578125,0.04125,100.0,2,99.87753670946098,-0.04824454053901661
United States Treasury Note/Bond,2017-02-15,2027-02-15,96.390625,96.43359375,2.25,USD,96.412109375,0.0225,100.0,2,96.36791455570189,-0.044194819298112975
United States Treasury Note/Bond,2024-02-15,2027-02-15,99.921875,99.9453125,4.125,USD,99.93359375,0.04125,100.0,2,99.88063577781989,-0.05295797218010989
United States Treasury Note/Bond,1997-02-18,2027-02-15,104.8359375,105.2578125,6.625,USD,105.046875,0.06625,100.0,2,104.5642640739772,-0.48261092602280087
United States Treasury Note/Bond,2022-02-28,2027-02-28,95.625,95.65234375,1.875,USD,95.638671875,0.01875,100.0,2,95.59310656913817,-0.045565305861828165
United States Treasury Note/Bond,2025-02-28,2027-02-28,99.93359375,99.9453125,4.125,USD,99.939453125,0.04125,100.0,2,99.88219782265722,-0.05725530234278153
United States Treasury Note/Bond,2020-03-02,2027-02-28,94.2109375,94.2421875,1.125,USD,94.2265625,0.01125,100.0,2,94.16340948463183,-0.0631530153681723
United States Treasury Note/Bond,2024-03-15,2027-03-15,100.140625,100.1796875,4.25,USD,100.16015625,0.0425,100.0,2,100.12410835757198,-0.03604789242801587
United States Treasury Note/Bond,2020-03-31,2027-03-31,92.953125,93.0078125,0.625,USD,92.98046875,0.00625,100.0,2,92.9384172322216,-0.04205151777840399
United States Treasury Note/Bond,2022-03-31,2027-03-31,96.71875,96.7578125,2.5,USD,96.73828125,0.025,100.0,2,96.65219467707914,-0.08608657292086264
United States Treasury Note/Bond,2024-04-15,2027-04-15,100.6484375,100.6953125,4.5,USD,100.671875,0.045,100.0,2,100.6365360069465,-0.03533899305350019
United States Treasury Note/Bond,2020-04-30,2027-04-30,92.4296875,92.4921875,0.5,USD,92.4609375,0.005,100.0,2,92.42179211110042,-0.03914538889958408
United States Treasury Note/Bond,2022-05-02,2027-04-30,97.0703125,97.1171875,2.75,USD,97.09375,0.0275,100.0,2,97.05026982626752,-0.043480173732476146
United States Treasury Note/Bond,2017-05-15,2027-05-15,96.2265625,96.265625,2.375,USD,96.24609375,0.02375,100.0,2,96.2164020114369,-0.02969173856310192
United States Treasury Note/Bond,2024-05-15,2027-05-15,100.671875,100.703125,4.5,USD,100.6875,0.045,100.0,2,100.66904195499609,-0.018458045003910684
United States Treasury Note/Bond,2022-05-31,2027-05-31,96.6796875,96.7265625,2.625,USD,96.703125,0.02625,100.0,2,96.67498210026578,-0.02814289973422035
United States Treasury Note/Bond,2020-06-01,2027-05-31,92.1640625,92.1953125,0.5,USD,92.1796875,0.005,100.0,2,92.14295920410606,-0.036728295893937
United States Treasury Note/Bond,2024-06-17,2027-06-15,101.0,101.03125,4.625,USD,101.015625,0.04625,100.0,2,100.96511654965094,-0.05050845034905649
United States Treasury Note/Bond,2020-06-30,2027-06-30,91.8984375,91.9375,0.5,USD,91.91796875,0.005,100.0,2,91.87513302883134,-0.042835721168657415
United States Treasury Note/Bond,2022-06-30,2027-06-30,98.015625,98.046875,3.25,USD,98.03125,0.0325,100.0,2,97.94802253628013,-0.08322746371986511
United States Treasury Note/Bond,2024-07-15,2027-07-15,100.4765625,100.5,4.375,USD,100.48828125,0.04375,100.0,2,100.45150633708795,-0.03677491291205115
United States Treasury Note/Bond,2020-07-31,2027-07-31,91.3203125,91.3671875,0.375,USD,91.34375,0.00375,100.0,2,91.31376679818831,-0.029983201811688787
United States Treasury Note/Bond,2022-08-01,2027-07-31,96.75,96.7890625,2.75,USD,96.76953125,0.0275,100.0,2,96.74659680476582,-0.022934445234184864
United States Treasury Note/Bond,1997-08-15,2027-08-15,105.0,105.4921875,6.375,USD,105.24609375,0.06375,100.0,2,105.12549221896674,-0.12060153103325888
United States Treasury Note/Bond,2017-08-15,2027-08-15,95.546875,95.59375,2.25,USD,95.5703125,0.0225,100.0,2,95.53498952660985,-0.035322973390151446
United States Treasury Note/Bond,2024-08-15,2027-08-15,99.03125,99.0546875,3.75,USD,99.04296875,0.0375,100.0,2,99.02244505110325,-0.020523698896752762
United States Treasury Note/Bond,2020-08-31,2027-08-31,91.3515625,91.3828125,0.5,USD,91.3671875,0.005,100.0,2,91.32020339341892,-0.04698410658107832
United States Treasury Note/Bond,2022-08-31,2027-08-31,97.53125,97.5703125,3.125,USD,97.55078125,0.03125,100.0,2,97.507253234128,-0.04352801587199906
United States Treasury Note/Bond,2024-09-16,2027-09-15,98.109375,98.125,3.375,USD,98.1171875,0.03375,100.0,2,98.06746739891847,-0.04972010108153313
United States Treasury Note/Bond,2020-09-30,2027-09-30,90.7734375,90.8203125,0.375,USD,90.796875,0.00375,100.0,2,90.7495685208299,-0.047306479170103444
United States Treasury Note/Bond,2022-09-30,2027-09-30,99.921875,99.9453125,4.125,USD,99.93359375,0.04125,100.0,2,99.86178471378835,-0.07180903621164703
United States Treasury Note/Bond,2024-10-15,2027-10-15,99.2734375,99.296875,3.875,USD,99.28515625,0.03875,100.0,2,99.2519114161672,-0.03324483383279642
United States Treasury Note/Bond,2022-10-31,2027-10-31,99.8984375,99.9296875,4.125,USD,99.9140625,0.04125,100.0,2,99.8576010922399,-0.05646140776009645
United States Treasury Note/Bond,2020-11-02,2027-10-31,90.78125,90.828125,0.5,USD,90.8046875,0.005,100.0,2,90.77795784008288,-0.026729659917123172
United States Treasury Note/Bond,2017-11-15,2027-11-15,95.1015625,95.1484375,2.25,USD,95.125,0.0225,100.0,2,95.094544325246,-0.0304556747539948
United States Treasury Note/Bond,2024-11-15,2027-11-15,99.8828125,99.8984375,4.125,USD,99.890625,0.04125,100.0,2,99.86123041004053,-0.02939458995946609
United States Treasury Note/Bond,1997-11-17,2027-11-15,104.8203125,105.3984375,6.125,USD,105.109375,0.06125,100.0,2,104.9456955671547,-0.1636794328452993
United States Treasury Note/Bond,2020-11-30,2027-11-30,90.828125,90.875,0.625,USD,90.8515625,0.00625,100.0,2,90.83541906679602,-0.01614343320397893
United States Treasury Note/Bond,2022-11-30,2027-11-30,99.2265625,99.265625,3.875,USD,99.24609375,0.03875,100.0,2,99.21679772001185,-0.029296029988145733
United States Treasury Note/Bond,2024-12-16,2027-12-15,99.5703125,99.5859375,4.0,USD,99.578125,0.04,100.0,2,99.53880926528163,-0.03931573471837169
United States Treasury Note/Bond,2023-01-03,2027-12-31,99.2265625,99.2578125,3.875,USD,99.2421875,0.03875,100.0,2,99.19219168690394,-0.049995813096060715
United States Treasury Note/Bond,2020-12-31,2027-12-31,90.5625,90.6015625,0.625,USD,90.58203125,0.00625,100.0,2,90.57031617397881,-0.01171507602118993
United States Treasury Note/Bond,2025-01-15,2028-01-15,100.2109375,100.2265625,4.25,USD,100.21875,0.0425,100.0,2,100.20016425314662,-0.01858574685337544
United States Treasury Note/Bond,2023-01-31,2028-01-31,98.1640625,98.203125,3.5,USD,98.18359375,0.035,100.0,2,98.1583997250611,-0.025194024938897996
United States Treasury Note/Bond,2021-02-01,2028-01-31,90.640625,90.703125,0.75,USD,90.671875,0.0075,100.0,2,90.64948250934262,-0.02239249065738136
United States Treasury Note/Bond,2018-02-15,2028-02-15,96.0390625,96.09375,2.75,USD,96.06640625,0.0275,100.0,2,96.0613908778393,-0.0050153721606989166
United States Treasury Note/Bond,2025-02-18,2028-02-15,100.2421875,100.25,4.25,USD,100.24609375,0.0425,100.0,2,100.21223275806344,-0.03386099193656378
United States Treasury Note/Bond,2023-02-28,2028-02-29,99.5,99.53125,4.0,USD,99.515625,0.04,100.0,2,99.50609925187452,-0.009525748125483346
United States Treasury Note/Bond,2021-03-01,2028-02-29,91.4765625,91.5234375,1.125,USD,91.5,0.01125,100.0,2,91.46003655419129,-0.03996344580870925
United States Treasury Note/Bond,2021-03-31,2028-03-31,91.6015625,91.65625,1.25,USD,91.62890625,0.0125,100.0,2,91.58960854341333,-0.03929770658666598
United States Treasury Note/Bond,2023-03-31,2028-03-31,98.421875,98.453125,3.625,USD,98.4375,0.03625,100.0,2,98.40570479881049,-0.03179520118951018
United States Treasury Note/Bond,2021-04-30,2028-04-30,91.3671875,91.4140625,1.25,USD,91.390625,0.0125,100.0,2,91.38251107867221,-0.008113921327790763
United States Treasury Note/Bond,2023-05-01,2028-04-30,97.9921875,98.03125,3.5,USD,98.01171875,0.035,100.0,2,98.00492823181641,-0.006790518183592553
United States Treasury Note/Bond,2018-05-15,2028-05-15,96.1015625,96.140625,2.875,USD,96.12109375,0.02875,100.0,2,96.12172182414572,0.0006280741457231898
United States Treasury Note/Bond,2023-05-31,2028-05-31,98.3125,98.34375,3.625,USD,98.328125,0.03625,100.0,2,98.3277464279092,-0.0003785720907956147
United States Treasury Note/Bond,2021-06-01,2028-05-31,91.1171875,91.1953125,1.25,USD,91.15625,0.0125,100.0,2,91.16507424126455,0.008824241264548505
United States Treasury Note/Bond,2021-06-30,2028-06-30,90.90625,90.953125,1.25,USD,90.9296875,0.0125,100.0,2,90.95815546643841,0.028467966438412873
United States Treasury Note/Bond,2023-06-30,2028-06-30,99.4453125,99.4765625,4.0,USD,99.4609375,0.04,100.0,2,99.45131891039284,-0.009618589607157446
United States Treasury Note/Bond,2023-07-31,2028-07-31,99.8125,99.84375,4.125,USD,99.828125,0.04125,100.0,2,99.84411035983597,0.01598535983596605
United States Treasury Note/Bond,2021-08-02,2028-07-31,89.9140625,89.96875,1.0,USD,89.94140625,0.01,100.0,2,89.95514556201132,0.0137393120113245
United States Treasury Note/Bond,2018-08-15,2028-08-15,95.7890625,95.828125,2.875,USD,95.80859375,0.02875,100.0,2,95.84362928313357,0.03503553313356633
United States Treasury Note/Bond,1998-08-17,2028-08-15,104.3671875,104.65625,5.5,USD,104.51171875,0.055,100.0,2,104.2447836143556,-0.2669351356444025
United States Treasury Note/Bond,2021-08-31,2028-08-31,90.0703125,90.1171875,1.125,USD,90.09375,0.01125,100.0,2,90.11925006807466,0.025500068074663318
United States Treasury Note/Bond,2023-08-31,2028-08-31,100.578125,100.609375,4.375,USD,100.59375,0.04375,100.0,2,100.62016934724701,0.026419347247014002
United States Treasury Note/Bond,2023-10-02,2028-09-30,101.421875,101.453125,4.625,USD,101.4375,0.04625,100.0,2,101.45517758255548,0.017677582555478466
United States Treasury Note/Bond,2021-09-30,2028-09-30,90.2734375,90.3203125,1.25,USD,90.296875,0.0125,100.0,2,90.3145487349789,0.017673734978899347
United States Treasury Note/Bond,2023-10-31,2028-10-31,102.28125,102.3125,4.875,USD,102.296875,0.04875,100.0,2,102.32513148296245,0.02825648296244765
United States Treasury Note/Bond,2021-11-01,2028-10-31,90.46875,90.515625,1.375,USD,90.4921875,0.01375,100.0,2,90.52063840695834,0.028450906958340738
United States Treasury Note/Bond,2018-11-15,2028-11-15,96.3203125,96.359375,3.125,USD,96.33984375,0.03125,100.0,2,96.38779931376452,0.047955563764517706
United States Treasury Note/Bond,1998-11-16,2028-11-15,103.4296875,103.7421875,5.25,USD,103.5859375,0.0525,100.0,2,103.63124851299989,0.045311012999889044
United States Treasury Note/Bond,2021-11-30,2028-11-30,90.6953125,90.7578125,1.5,USD,90.7265625,0.015,100.0,2,90.75408710163643,0.027524601636429225
United States Treasury Note/Bond,2023-11-30,2028-11-30,100.5859375,100.6171875,4.375,USD,100.6015625,0.04375,100.0,2,100.65516494398982,0.05360244398981706
United States Treasury Note/Bond,2024-01-02,2028-12-31,98.40625,98.4296875,3.75,USD,98.41796875,0.0375,100.0,2,98.46483448474233,0.046865734742326026
United States Treasury Note/Bond,2021-12-31,2028-12-31,90.0703125,90.125,1.375,USD,90.09765625,0.01375,100.0,2,90.11708017601849,0.01942392601849008
United States Treasury Note/Bond,2022-01-31,2029-01-31,91.1875,91.234375,1.75,USD,91.2109375,0.0175,100.0,2,91.2619758610465,0.051038361046494174
United States Treasury Note/Bond,2024-01-31,2029-01-31,99.265625,99.296875,4.0,USD,99.28125,0.04,100.0,2,99.33806199028618,0.056811990286178116
United States Treasury Note/Bond,2019-02-15,2029-02-15,94.265625,94.3046875,2.625,USD,94.28515625,0.02625,100.0,2,94.34846673537574,0.06331048537573736
United States Treasury Note/Bond,1999-02-16,2029-02-15,104.0078125,104.3515625,5.25,USD,104.1796875,0.0525,100.0,2,103.86306558262939,-0.3166219173706111
United States Treasury Note/Bond,2022-02-28,2029-02-28,91.4765625,91.5078125,1.875,USD,91.4921875,0.01875,100.0,2,91.5596375233995,0.0674500233995019
United States Treasury Note/Bond,2024-02-29,2029-02-28,100.15625,100.1875,4.25,USD,100.171875,0.0425,100.0,2,100.23987039645718,0.067995396457178
United States Treasury Note/Bond,2022-03-31,2029-03-31,93.1484375,93.1796875,2.375,USD,93.1640625,0.02375,100.0,2,93.24624369985547,0.08218119985546934
United States Treasury Note/Bond,2024-04-01,2029-03-31,99.671875,99.7109375,4.125,USD,99.69140625,0.04125,100.0,2,99.76140317882651,0.06999692882651232
United States Treasury Note/Bond,2024-04-30,2029-04-30,101.5703125,101.6015625,4.625,USD,101.5859375,0.04625,100.0,2,101.65602967637989,0.0700921763798874
United States Treasury Note/Bond,2022-05-02,2029-04-30,94.921875,94.96875,2.875,USD,94.9453125,0.02875,100.0,2,95.01771776466356,0.07240526466355846
United States Treasury Note/Bond,2019-05-15,2029-05-15,92.9921875,93.015625,2.375,USD,93.00390625,0.02375,100.0,2,93.0586558225391,0.054749572539094515
United States Treasury Note/Bond,2022-05-31,2029-05-31,94.3203125,94.3671875,2.75,USD,94.34375,0.0275,100.0,2,94.43335099751725,0.08960099751725181
United States Treasury Note/Bond,2024-05-31,2029-05-31,101.1171875,101.140625,4.5,USD,101.12890625,0.045,100.0,2,101.19343470228101,0.06452845228101012
United States Treasury Note/Bond,2022-06-30,2029-06-30,96.1875,96.21875,3.25,USD,96.203125,0.0325,100.0,2,96.29960585543435,0.09648085543435059
United States Treasury Note/Bond,2024-07-01,2029-06-30,100.1328125,100.15625,4.25,USD,100.14453125,0.0425,100.0,2,100.23209388551938,0.08756263551937593
United States Treasury Note/Bond,2024-07-31,2029-07-31,99.1484375,99.1796875,4.0,USD,99.1640625,0.04,100.0,2,99.24031985572316,0.07625735572315762
United States Treasury Note/Bond,2022-08-01,2029-07-31,93.625,93.65625,2.625,USD,93.640625,0.02625,100.0,2,93.73280694702044,0.09218194702043547
United States Treasury Note/Bond,2019-08-15,2029-08-15,89.6640625,89.6953125,1.625,USD,89.6796875,0.01625,100.0,2,89.63817405195596,-0.04151344804404289
United States Treasury Note/Bond,1999-08-16,2029-08-15,107.609375,107.96875,6.125,USD,107.7890625,0.06125,100.0,2,107.81806225746149,0.028999757461491527
United States Treasury Note/Bond,2022-08-31,2029-08-31,95.53125,95.5625,3.125,USD,95.546875,0.03125,100.0,2,95.63536956627034,0.08849456627034158
United States Treasury Note/Bond,2024-09-03,2029-08-31,97.609375,97.640625,3.625,USD,97.625,0.03625,100.0,2,97.67008303913205,0.04508303913205225
United States Treasury Note/Bond,2022-09-30,2029-09-30,98.5546875,98.5859375,3.875,USD,98.5703125,0.03875,100.0,2,98.65605046598034,0.08573796598034278
United States Treasury Note/Bond,2024-09-30,2029-09-30,97.0234375,97.046875,3.5,USD,97.03515625,0.035,100.0,2,97.10499812200898,0.06984187200897907
United States Treasury Note/Bond,2022-10-31,2029-10-31,99.03125,99.0703125,4.0,USD,99.05078125,0.04,100.0,2,99.14930427320088,0.09852302320088313
United States Treasury Note/Bond,2024-10-31,2029-10-31,99.6015625,99.625,4.125,USD,99.61328125,0.04125,100.0,2,99.6749253043008,0.06164405430079967
United States Treasury Note/Bond,2019-11-15,2029-11-15,89.625,89.6953125,1.75,USD,89.66015625,0.0175,100.0,2,89.60390545266964,-0.056250797330363866
United States Treasury Note/Bond,2022-11-30,2029-11-30,98.46875,98.5078125,3.875,USD,98.48828125,0.03875,100.0,2,98.5989467229184,0.11066547291839868
United States Treasury Note/Bond,2024-12-02,2029-11-30,99.625,99.640625,4.125,USD,99.6328125,0.04125,100.0,2,99.6672357004723,0.03442320047230396
United States Treasury Note/Bond,2023-01-03,2029-12-31,98.4375,98.46875,3.875,USD,98.453125,0.03875,100.0,2,98.56450032309519,0.1113753230951886
United States Treasury Note/Bond,2024-12-31,2029-12-31,100.65625,100.671875,4.375,USD,100.6640625,0.04375,100.0,2,100.73510021602002,0.0710377160200153
United States Treasury Note/Bond,2023-01-31,2030-01-31,96.75,96.7890625,3.5,USD,96.76953125,0.035,100.0,2,96.88912560165824,0.11959435165823606
United States Treasury Note/Bond,2025-01-31,2030-01-31,100.1328125,100.140625,4.25,USD,100.13671875,0.0425,100.0,2,100.19864124903681,0.06192249903681102
United States Treasury Note/Bond,2020-02-18,2030-02-15,87.828125,87.8984375,1.5,USD,87.86328125,0.015,100.0,2,87.97059632029107,0.10731507029106524
United States Treasury Note/Bond,2023-02-28,2030-02-28,98.9296875,98.9609375,4.0,USD,98.9453125,0.04,100.0,2,99.07811902315885,0.13280652315884822
United States Treasury Note/Bond,2023-03-31,2030-03-31,97.1875,97.2109375,3.625,USD,97.19921875,0.03625,100.0,2,97.33903708986593,0.13981833986592562
United States Treasury Note/Bond,2023-05-01,2030-04-30,96.5625,96.5859375,3.5,USD,96.57421875,0.035,100.0,2,96.72083248370004,0.14661373370003616
United States Treasury Note/Bond,2000-02-15,2030-05-15,109.2265625,109.5390625,6.25,USD,109.3828125,0.0625,100.0,2,109.46025169837776,0.07743919837776048
United States Treasury Note/Bond,2020-05-15,2030-05-15,83.1640625,83.2421875,0.625,USD,83.203125,0.00625,100.0,2,83.35077497893492,0.14764997893492193
United States Treasury Note/Bond,2023-05-31,2030-05-31,97.6484375,97.671875,3.75,USD,97.66015625,0.0375,100.0,2,97.8270282769638,0.16687202696380155
United States Treasury Note/Bond,2023-06-30,2030-06-30,97.609375,97.6328125,3.75,USD,97.62109375,0.0375,100.0,2,97.7912319004779,0.1701381504778965
United States Treasury Note/Bond,2023-07-31,2030-07-31,98.7734375,98.796875,4.0,USD,98.78515625,0.04,100.0,2,98.96157815640555,0.176421906405551
United States Treasury Note/Bond,2020-08-17,2030-08-15,82.4140625,82.5,0.625,USD,82.45703125,0.00625,100.0,2,82.60172129300226,0.14469004300225663
United States Treasury Note/Bond,2023-08-31,2030-08-31,99.328125,99.3515625,4.125,USD,99.33984375,0.04125,100.0,2,99.52145741525865,0.1816136652586522
United States Treasury Note/Bond,2023-10-02,2030-09-30,101.78125,101.8125,4.625,USD,101.796875,0.04625,100.0,2,101.96797533598607,0.17110033598606833
United States Treasury Note/Bond,2023-10-31,2030-10-31,103.0546875,103.078125,4.875,USD,103.06640625,0.04875,100.0,2,103.23000816672891,0.16360191672890778
United States Treasury Note/Bond,2020-11-16,2030-11-15,82.9765625,83.0546875,0.875,USD,83.015625,0.00875,100.0,2,83.10825372550329,0.09262872550328893
United States Treasury Note/Bond,2023-11-30,2030-11-30,100.515625,100.546875,4.375,USD,100.53125,0.04375,100.0,2,100.73103317811137,0.19978317811137458
United States Treasury Note/Bond,2024-01-02,2030-12-31,97.3125,97.3359375,3.75,USD,97.32421875,0.0375,100.0,2,97.51566786028818,0.19144911028817546
United States Treasury Note/Bond,2024-01-31,2031-01-31,98.5703125,98.6015625,4.0,USD,98.5859375,0.04,100.0,2,98.78081927676399,0.19488177676399232
United States Treasury Note/Bond,2001-02-15,2031-02-15,105.6796875,105.9921875,5.375,USD,105.8359375,0.05375,100.0,2,105.96527636606766,0.12933886606765554
United States Treasury Note/Bond,2021-02-16,2031-02-15,83.6796875,83.7578125,1.125,USD,83.71875,0.01125,100.0,2,83.72279530903809,0.00404530903809075
United States Treasury Note/Bond,2024-02-29,2031-02-28,99.84375,99.875,4.25,USD,99.859375,0.0425,100.0,2,100.07325342114429,0.2138784211442868
United States Treasury Note/Bond,2024-04-01,2031-03-31,99.15625,99.1875,4.125,USD,99.171875,0.04125,100.0,2,99.38067809524695,0.2088030952469495
United States Treasury Note/Bond,2024-04-30,2031-04-30,101.8359375,101.859375,4.625,USD,101.84765625,0.04625,100.0,2,102.05971984983056,0.21206359983055734
United States Treasury Note/Bond,2021-05-17,2031-05-15,85.578125,85.6171875,1.625,USD,85.59765625,0.01625,100.0,2,85.8077890912394,0.21013284123939968
United States Treasury Note/Bond,2024-05-31,2031-05-31,101.8125,101.84375,4.625,USD,101.828125,0.04625,100.0,2,102.06457115811256,0.23644615811255676
United States Treasury Note/Bond,2024-07-01,2031-06-30,99.78125,99.8046875,4.25,USD,99.79296875,0.0425,100.0,2,100.01093747293682,0.21796872293681702
United States Treasury Note/Bond,2024-07-31,2031-07-31,99.078125,99.1015625,4.125,USD,99.08984375,0.04125,100.0,2,99.30867475583625,0.21883100583625037
United States Treasury Note/Bond,2021-08-16,2031-08-15,82.90625,82.953125,1.25,USD,82.9296875,0.0125,100.0,2,83.15864101699322,0.2289535169932151
United States Treasury Note/Bond,2024-09-03,2031-08-31,96.90625,96.9375,3.75,USD,96.921875,0.0375,100.0,2,97.14648961949976,0.2246146194997607
United States Treasury Note/Bond,2024-09-30,2031-09-30,96.171875,96.203125,3.625,USD,96.1875,0.03625,100.0,2,96.38261850406562,0.19511850406561848
United States Treasury Note/Bond,2024-10-31,2031-10-31,98.984375,99.015625,4.125,USD,99.0,0.04125,100.0,2,99.20602748324427,0.20602748324427012
United States Treasury Note/Bond,2021-11-15,2031-11-15,83.03125,83.0625,1.375,USD,83.046875,0.01375,100.0,2,83.25635980416486,0.20948480416485893
United States Treasury Note/Bond,2024-12-02,2031-11-30,98.96875,99.0,4.125,USD,98.984375,0.04125,100.0,2,99.18557172594367,0.20119672594367444
United States Treasury Note/Bond,2024-12-31,2031-12-31,101.171875,101.203125,4.5,USD,101.1875,0.045,100.0,2,101.36447807783506,0.17697807783505937
United States Treasury Note/Bond,2025-01-31,2032-01-31,100.4375,100.453125,4.375,USD,100.4453125,0.04375,100.0,2,100.6288116556522,0.18349915565219987
United States Treasury Note/Bond,2022-02-15,2032-02-15,85.421875,85.46875,1.875,USD,85.4453125,0.01875,100.0,2,85.65996796521114,0.21465546521113765
United States Treasury Note/Bond,2022-05-16,2032-05-15,91.125,91.15625,2.875,USD,91.140625,0.02875,100.0,2,91.33105543905162,0.1904304390516245
United States Treasury Note/Bond,2022-08-15,2032-08-15,90.03125,90.078125,2.75,USD,90.0546875,0.0275,100.0,2,90.22899278606964,0.17430528606963946
United States Treasury Note/Bond,2022-11-15,2032-11-15,98.75,98.78125,4.125,USD,98.765625,0.04125,100.0,2,98.8413591743044,0.07573417430440088
United States Treasury Note/Bond,2023-02-15,2033-02-15,94.40625,94.421875,3.5,USD,94.4140625,0.035,100.0,2,94.56597277587399,0.15191027587398764
United States Treasury Note/Bond,2023-05-15,2033-05-15,93.34375,93.375,3.375,USD,93.359375,0.03375,100.0,2,93.50077119222608,0.14139619222608246
United States Treasury Note/Bond,2023-08-15,2033-08-15,96.625,96.671875,3.875,USD,96.6484375,0.03875,100.0,2,96.8024620296618,0.1540245296617968
United States Treasury Note/Bond,2023-11-15,2033-11-15,101.0,101.046875,4.5,USD,101.0234375,0.045,100.0,2,101.13926624324661,0.11582874324660963
United States Treasury Note/Bond,2024-02-15,2034-02-15,97.28125,97.3125,4.0,USD,97.296875,0.04,100.0,2,97.40944071121991,0.11256571121991499
United States Treasury Note/Bond,2024-05-15,2034-05-15,100.0,100.03125,4.375,USD,100.015625,0.04375,100.0,2,100.10882654162079,0.09320154162078609
United States Treasury Note/Bond,2024-08-15,2034-08-15,96.140625,96.15625,3.875,USD,96.1484375,0.03875,100.0,2,96.18443626094337,0.03599876094337162
United States Treasury Note/Bond,2024-11-15,2034-11-15,98.9375,98.96875,4.25,USD,98.953125,0.0425,100.0,2,98.95510539381043,0.001980393810427472
United States Treasury Note/Bond,2025-02-18,2035-02-15,101.953125,101.96875,4.625,USD,101.9609375,0.04625,100.0,2,101.88302989358037,-0.0779076064196289
United States Treasury Note/Bond,2006-02-15,2036-02-15,101.546875,101.921875,4.5,USD,101.734375,0.045,100.0,2,100.59782319691021,-1.1365518030897874
United States Treasury Note/Bond,2007-02-15,2037-02-15,103.484375,103.6875,4.75,USD,103.5859375,0.0475,100.0,2,102.58677430696697,-0.9991631930330271
United States Treasury Note/Bond,2007-08-15,2037-05-15,105.640625,105.828125,5.0,USD,105.734375,0.05,100.0,2,104.88618745322296,-0.8481875467770408
United States Treasury Note/Bond,2008-02-15,2038-02-15,99.296875,99.515625,4.375,USD,99.40625,0.04375,100.0,2,98.69613898787023,-0.7101110121297722
United States Treasury Note/Bond,2008-08-15,2038-05-15,100.5,100.75,4.5,USD,100.625,0.045,100.0,2,99.83290795608188,-0.7920920439181174
United States Treasury Note/Bond,2009-02-17,2039-02-15,89.84375,90.0625,3.5,USD,89.953125,0.035,100.0,2,89.19798590175343,-0.7551390982465733
United States Treasury Note/Bond,2009-05-15,2039-05-15,97.109375,97.34375,4.25,USD,97.2265625,0.0425,100.0,2,96.84508139421668,-0.3814811057833225
United States Treasury Note/Bond,2009-08-17,2039-08-15,99.609375,99.78125,4.5,USD,99.6953125,0.045,100.0,2,99.38904030686419,-0.3062721931358112
United States Treasury Note/Bond,2009-11-16,2039-11-15,98.171875,98.359375,4.375,USD,98.265625,0.04375,100.0,2,97.92894780062899,-0.33667719937101026
United States Treasury Note/Bond,2010-02-16,2040-02-15,100.75,100.953125,4.625,USD,100.8515625,0.04625,100.0,2,100.55288094446398,-0.29868155553602094
United States Treasury Note/Bond,2010-05-17,2040-05-15,97.921875,98.109375,4.375,USD,98.015625,0.04375,100.0,2,97.71749028810781,-0.2981347118921889
United States Treasury Note/Bond,2020-06-01,2040-05-15,62.15625,62.328125,1.125,USD,62.2421875,0.01125,100.0,2,61.99236351583691,-0.24982398416309337
United States Treasury Note/Bond,2010-08-16,2040-08-15,92.25,92.484375,3.875,USD,92.3671875,0.03875,100.0,2,92.06496750817435,-0.30221999182565185
United States Treasury Note/Bond,2020-08-31,2040-08-15,61.5625,61.75,1.125,USD,61.65625,0.01125,100.0,2,61.48975801151833,-0.1664919884816669
United States Treasury Note/Bond,2010-11-15,2040-11-15,96.265625,96.46875,4.25,USD,96.3671875,0.0425,100.0,2,96.08998999954807,-0.27719750045193337
United States Treasury Note/Bond,2020-11-30,2040-11-15,63.8125,63.96875,1.375,USD,63.890625,0.01375,100.0,2,63.79203125650834,-0.09859374349166217
United States Treasury Note/Bond,2011-02-15,2041-02-15,101.84375,102.0625,4.75,USD,101.953125,0.0475,100.0,2,101.66140583262455,-0.29171916737544734
United States Treasury Note/Bond,2021-03-01,2041-02-15,69.03125,69.1875,1.875,USD,69.109375,0.01875,100.0,2,69.01049061372542,-0.09888438627457674
United States Treasury Note/Bond,2011-05-16,2041-05-15,97.421875,97.609375,4.375,USD,97.515625,0.04375,100.0,2,97.29531234336062,-0.22031265663937916
United States Treasury Note/Bond,2021-06-01,2041-05-15,72.9375,73.125,2.25,USD,73.03125,0.0225,100.0,2,72.9223048992193,-0.10894510078070141
United States Treasury Note/Bond,2011-08-15,2041-08-15,90.078125,90.28125,3.75,USD,90.1796875,0.0375,100.0,2,89.96231199092831,-0.21737550907168668
United States Treasury Note/Bond,2021-08-31,2041-08-15,66.65625,66.8125,1.75,USD,66.734375,0.0175,100.0,2,66.7836093924626,0.0492343924625942
United States Treasury Note/Bond,2011-11-15,2041-11-15,82.515625,82.75,3.125,USD,82.6328125,0.03125,100.0,2,82.45658963810232,-0.17622286189768488
United States Treasury Note/Bond,2021-11-30,2041-11-15,69.140625,69.28125,2.0,USD,69.2109375,0.02,100.0,2,69.29506328840948,0.08412578840948015
United States Treasury Note/Bond,2012-02-15,2042-02-15,82.25,82.421875,3.125,USD,82.3359375,0.03125,100.0,2,82.22379775531398,-0.11213974468601862
United States Treasury Note/Bond,2022-02-28,2042-02-15,73.1875,73.3125,2.375,USD,73.25,0.02375,100.0,2,73.36191200416856,0.11191200416855906
United States Treasury Note/Bond,2012-05-15,2042-05-15,80.421875,80.671875,3.0,USD,80.546875,0.03,100.0,2,80.49714773065465,-0.049727269345353875
United States Treasury Note/Bond,2022-05-31,2042-05-15,83.453125,83.5625,3.25,USD,83.5078125,0.0325,100.0,2,83.47784237885998,-0.02997012114002473
United States Treasury Note/Bond,2012-08-15,2042-08-15,77.09375,77.265625,2.75,USD,77.1796875,0.0275,100.0,2,77.24757745964615,0.06788995964615196
United States Treasury Note/Bond,2022-08-31,2042-08-15,84.6875,84.78125,3.375,USD,84.734375,0.03375,100.0,2,84.77044155057841,0.03606655057841124
United States Treasury Note/Bond,2012-11-15,2042-11-15,76.734375,76.90625,2.75,USD,76.8203125,0.0275,100.0,2,76.95991668668925,0.13960418668925456
United States Treasury Note/Bond,2022-11-30,2042-11-15,92.140625,92.21875,4.0,USD,92.1796875,0.04,100.0,2,92.13572208281097,-0.043965417189028244
United States Treasury Note/Bond,2013-02-15,2043-02-15,81.0,81.171875,3.125,USD,81.0859375,0.03125,100.0,2,81.29364765248327,0.20771015248327274
United States Treasury Note/Bond,2023-02-28,2043-02-15,90.421875,90.5,3.875,USD,90.4609375,0.03875,100.0,2,90.48236207740932,0.021424577409320023
United States Treasury Note/Bond,2013-05-15,2043-05-15,77.734375,77.90625,2.875,USD,77.8203125,0.02875,100.0,2,77.98245312645753,0.16214062645752847
United States Treasury Note/Bond,2023-05-31,2043-05-15,90.203125,90.28125,3.875,USD,90.2421875,0.03875,100.0,2,90.33543558612938,0.0932480861293783
United States Treasury Note/Bond,2013-08-15,2043-08-15,86.859375,86.984375,3.625,USD,86.921875,0.03625,100.0,2,87.08951952665839,0.16764452665839258
United States Treasury Note/Bond,2023-08-31,2043-08-15,96.375,96.4375,4.375,USD,96.40625,0.04375,100.0,2,96.43542511109156,0.029175111091561234
United States Treasury Note/Bond,2013-11-15,2043-11-15,88.265625,88.375,3.75,USD,88.3203125,0.0375,100.0,2,88.47518796614361,0.1548754661436078
United States Treasury Note/Bond,2023-11-30,2043-11-15,101.03125,101.078125,4.75,USD,101.0546875,0.0475,100.0,2,101.03504897179032,-0.019638528209682704
United States Treasury Note/Bond,2014-02-18,2044-02-15,86.5,86.59375,3.625,USD,86.546875,0.03625,100.0,2,86.75396624959245,0.20709124959245173
United States Treasury Note/Bond,2024-02-29,2044-02-15,97.6875,97.734375,4.5,USD,97.7109375,0.045,100.0,2,97.83620577569582,0.12526827569581656
United States Treasury Note/Bond,2014-05-15,2044-05-15,83.140625,83.265625,3.375,USD,83.203125,0.03375,100.0,2,83.39740747258728,0.19428247258727538
United States Treasury Note/Bond,2024-05-31,2044-05-15,99.1875,99.234375,4.625,USD,99.2109375,0.04625,100.0,2,99.34927968280195,0.13834218280194932
United States Treasury Note/Bond,2014-08-15,2044-08-15,79.6875,79.828125,3.125,USD,79.7578125,0.03125,100.0,2,80.01085229979836,0.25303979979835844
United States Treasury Note/Bond,2024-09-03,2044-08-15,92.671875,92.703125,4.125,USD,92.6875,0.04125,100.0,2,92.8753159185159,0.18781591851589496
United States Treasury Note/Bond,2014-11-17,2044-11-15,77.890625,78.0,3.0,USD,77.9453125,0.03,100.0,2,78.17348253532792,0.22817003532792057
United States Treasury Note/Bond,2024-12-02,2044-11-15,99.078125,99.109375,4.625,USD,99.09375,0.04625,100.0,2,99.23022481993742,0.13647481993741906
United States Treasury Note/Bond,2015-02-17,2045-02-15,71.28125,71.40625,2.5,USD,71.34375,0.025,100.0,2,71.44375085094812,0.1000008509481205
United States Treasury Note/Bond,2025-02-28,2045-02-15,101.0,101.03125,4.75,USD,101.015625,0.0475,100.0,2,100.82526723533094,-0.1903577646690593
United States Treasury Note/Bond,2015-05-15,2045-05-15,77.546875,77.671875,3.0,USD,77.609375,0.03,100.0,2,77.76852349815462,0.15914849815462162
United States Treasury Note/Bond,2015-08-17,2045-08-15,75.765625,75.875,2.875,USD,75.8203125,0.02875,100.0,2,75.92053111036724,0.10021861036723578
United States Treasury Note/Bond,2015-11-16,2045-11-15,77.21875,77.34375,3.0,USD,77.28125,0.03,100.0,2,77.36460240674,0.08335240674000488
United States Treasury Note/Bond,2016-02-16,2046-02-15,70.3125,70.4375,2.5,USD,70.375,0.025,100.0,2,70.46542779646447,0.09042779646446775
United States Treasury Note/Bond,2016-05-16,2046-05-15,70.046875,70.171875,2.5,USD,70.109375,0.025,100.0,2,70.23442188240122,0.12504688240122164
United States Treasury Note/Bond,2016-08-15,2046-08-15,66.46875,66.59375,2.25,USD,66.53125,0.0225,100.0,2,66.6103441013125,0.07909410131250638
United States Treasury Note/Bond,2016-11-15,2046-11-15,74.6875,74.8125,2.875,USD,74.75,0.02875,100.0,2,74.91341727918766,0.16341727918765514
United States Treasury Note/Bond,2017-02-15,2047-02-15,76.171875,76.296875,3.0,USD,76.234375,0.03,100.0,2,76.46020449364087,0.22582949364087312
United States Treasury Note/Bond,2017-05-15,2047-05-15,76.0,76.125,3.0,USD,76.0625,0.03,100.0,2,76.28967194348795,0.22717194348794578
United States Treasury Note/Bond,2017-08-15,2047-08-15,72.359375,72.46875,2.75,USD,72.4140625,0.0275,100.0,2,72.64372815812071,0.22966565812070883
United States Treasury Note/Bond,2017-11-15,2047-11-15,72.171875,72.265625,2.75,USD,72.21875,0.0275,100.0,2,72.44826148995102,0.22951148995102244
United States Treasury Note/Bond,2018-02-15,2048-02-15,75.4375,75.546875,3.0,USD,75.4921875,0.03,100.0,2,75.81103770780649,0.3188502078064914
United States Treasury Note/Bond,2018-05-15,2048-05-15,77.03125,77.140625,3.125,USD,77.0859375,0.03125,100.0,2,77.42921763848184,0.3432801384818447
United States Treasury Note/Bond,2018-08-15,2048-08-15,75.09375,75.203125,3.0,USD,75.1484375,0.03,100.0,2,75.51599205427893,0.36755455427892514
United States Treasury Note/Bond,2018-11-15,2048-11-15,80.265625,80.375,3.375,USD,80.3203125,0.03375,100.0,2,80.74630646836945,0.425993968369454
United States Treasury Note/Bond,2019-02-15,2049-02-15,74.828125,74.9375,3.0,USD,74.8828125,0.03,100.0,2,75.23101159861675,0.34819909861674603
United States Treasury Note/Bond,2019-05-15,2049-05-15,72.90625,73.0,2.875,USD,72.953125,0.02875,100.0,2,73.28053344176314,0.32740844176314
United States Treasury Note/Bond,2019-08-15,2049-08-15,63.78125,63.875,2.25,USD,63.828125,0.0225,100.0,2,64.02357338122732,0.19544838122732244
United States Treasury Note/Bond,2019-11-15,2049-11-15,65.4375,65.53125,2.375,USD,65.484375,0.02375,100.0,2,65.66590270107163,0.18152770107163008
United States Treasury Note/Bond,2020-02-18,2050-02-15,59.84375,59.9375,2.0,USD,59.890625,0.02,100.0,2,59.97284064274356,0.08221564274356297
United States Treasury Note/Bond,2020-05-15,2050-05-15,48.984375,49.078125,1.25,USD,49.03125,0.0125,100.0,2,48.66394901637622,-0.36730098362377817
United States Treasury Note/Bond,2020-08-17,2050-08-15,50.328125,50.40625,1.375,USD,50.3671875,0.01375,100.0,2,50.29048234461257,-0.07670515538742961
United States Treasury Note/Bond,2020-11-16,2050-11-15,53.78125,53.875,1.625,USD,53.828125,0.01625,100.0,2,53.80269899191797,-0.025426008082028773
United States Treasury Note/Bond,2021-02-16,2051-02-15,57.34375,57.421875,1.875,USD,57.3828125,0.01875,100.0,2,57.36986500165987,-0.012947498340132313
United States Treasury Note/Bond,2021-05-17,2051-05-15,64.671875,64.765625,2.375,USD,64.71875,0.02375,100.0,2,64.75414173664906,0.03539173664906059
United States Treasury Note/Bond,2021-08-16,2051-08-15,58.890625,58.96875,2.0,USD,58.9296875,0.02,100.0,2,58.92822976713216,-0.0014577328678413437
United States Treasury Note/Bond,2021-11-15,2051-11-15,56.890625,56.96875,1.875,USD,56.9296875,0.01875,100.0,2,56.854544522308096,-0.07514297769190392
United States Treasury Note/Bond,2022-02-15,2052-02-15,62.421875,62.5,2.25,USD,62.4609375,0.0225,100.0,2,62.45041776076006,-0.010519739239938986
United States Treasury Note/Bond,2022-05-16,2052-05-15,71.859375,71.9375,2.875,USD,71.8984375,0.02875,100.0,2,71.94199245352519,0.04355495352518801
United States Treasury Note/Bond,2022-08-15,2052-08-15,73.734375,73.8125,3.0,USD,73.7734375,0.03,100.0,2,73.80450981040124,0.031072310401242476
United States Treasury Note/Bond,2022-11-15,2052-11-15,89.328125,89.40625,4.0,USD,89.3671875,0.04,100.0,2,89.25829581485058,-0.10889168514941616
United States Treasury Note/Bond,2023-02-15,2053-02-15,83.421875,83.515625,3.625,USD,83.46875,0.03625,100.0,2,83.42430903875315,-0.04444096124684904
United States Treasury Note/Bond,2023-05-15,2053-05-15,83.4375,83.515625,3.625,USD,83.4765625,0.03625,100.0,2,83.40067862704207,-0.07588387295793098
United States Treasury Note/Bond,2023-08-15,2053-08-15,91.359375,91.4375,4.125,USD,91.3984375,0.04125,100.0,2,91.26913987230837,-0.12929762769162778
United States Treasury Note/Bond,2023-11-15,2053-11-15,101.3125,101.359375,4.75,USD,101.3359375,0.0475,100.0,2,101.15016123685815,-0.1857762631418467
United States Treasury Note/Bond,2024-02-15,2054-02-15,93.375,93.421875,4.25,USD,93.3984375,0.0425,100.0,2,93.30269896062843,-0.09573853937156684
United States Treasury Note/Bond,2024-05-15,2054-05-15,99.4375,99.484375,4.625,USD,99.4609375,0.04625,100.0,2,99.30575184745847,-0.15518565254153316
United States Treasury Note/Bond,2024-08-15,2054-08-15,93.53125,93.578125,4.25,USD,93.5546875,0.0425,100.0,2,93.3929779219311,-0.1617095780688942
United States Treasury Note/Bond,2024-11-15,2054-11-15,97.625,97.65625,4.5,USD,97.640625,0.045,100.0,2,97.43737707463316,-0.20324792536683844
United States Treasury Note/Bond,2025-02-18,2055-02-15,99.765625,99.796875,4.625,USD,99.78125,0.04625,100.0,2,99.53658497768002,-0.24466502231997822
