Issuer Name,Issue Date,Maturity,Bid Price,Ask Price,Cpn,Currency,MidPrice,CouponRate,Face,Frequency,FittedPrice_NS,Residual_NS
United States Treasury Note/Bond,2018-02-28,2025-02-28,99.98046875,100.0078125,2.75,USD,99.994140625,0.0275,100.0,2,99.98638721093555,-0.007753414064453068
United States Treasury Note/Bond,2023-02-28,2025-02-28,99.984375,100.0195313,4.625,USD,100.00195314999999,0.04625,100.0,2,100.00133932554908,-0.0006138244509088508
United States Treasury Note/Bond,2020-03-02,2025-02-28,99.9453125,100.0117188,1.125,USD,99.97851564999999,0.01125,100.0,2,99.9734287116038,-0.0050869383961895664
United States Treasury Note/Bond,2022-03-15,2025-03-15,99.859375,99.9140625,1.75,USD,99.88671875,0.0175,100.0,2,99.87250487177138,-0.01421387822861675
United States Treasury Note/Bond,2020-03-31,2025-03-31,99.62109375,99.703125,0.5,USD,99.662109375,0.005,100.0,2,99.64521856559145,-0.016890809408550922
United States Treasury Note/Bond,2023-03-31,2025-03-31,99.9375,99.9921875,3.875,USD,99.96484375,0.03875,100.0,2,99.95370765889979,-0.011136091100212298
United States Treasury Note/Bond,2018-04-02,2025-03-31,99.8203125,99.88671875,2.625,USD,99.853515625,0.02625,100.0,2,99.83945243915595,-0.014063185844051418
United States Treasury Note/Bond,2022-04-18,2025-04-15,99.74609375,99.8359375,2.625,USD,99.791015625,0.02625,100.0,2,99.7702161966478,-0.020799428352205496
United States Treasury Note/Bond,2018-04-30,2025-04-30,99.73046875,99.79296875,2.875,USD,99.76171875,0.02875,100.0,2,99.74492970536554,-0.01678904463446429
United States Treasury Note/Bond,2020-04-30,2025-04-30,99.2734375,99.3671875,0.375,USD,99.3203125,0.00375,100.0,2,99.31474159852388,-0.005570901476119161
United States Treasury Note/Bond,2023-05-01,2025-04-30,99.90625,99.9453125,3.875,USD,99.92578125,0.03875,100.0,2,99.9170049481022,-0.008776301897796657
United States Treasury Note/Bond,2015-05-15,2025-05-15,99.515625,99.58203125,2.125,USD,99.548828125,0.02125,100.0,2,99.53084557307665,-0.017982551923353185
United States Treasury Note/Bond,2022-05-16,2025-05-15,99.65625,99.7109375,2.75,USD,99.68359375,0.0275,100.0,2,99.66435594541078,-0.019237804589224083
United States Treasury Note/Bond,2018-05-31,2025-05-31,99.59375,99.6640625,2.875,USD,99.62890625,0.02875,100.0,2,99.62743126403299,-0.0014749859670075693
United States Treasury Note/Bond,2023-05-31,2025-05-31,99.9609375,100.0039063,4.25,USD,99.98242189999999,0.0425,100.0,2,99.97868053580144,-0.0037413641985466484
United States Treasury Note/Bond,2020-06-01,2025-05-31,98.91796875,99.0078125,0.25,USD,98.962890625,0.0025,100.0,2,98.95686447247506,-0.006026152524938766
United States Treasury Note/Bond,2022-06-15,2025-06-15,99.54296875,99.60546875,2.875,USD,99.57421875,0.02875,100.0,2,99.57188378948094,-0.002334960519064566
United States Treasury Note/Bond,2020-06-30,2025-06-30,98.6328125,98.6875,0.25,USD,98.66015625,0.0025,100.0,2,98.63473055175729,-0.02542569824271368
United States Treasury Note/Bond,2023-06-30,2025-06-30,100.0898438,100.140625,4.625,USD,100.11523439999999,0.04625,100.0,2,100.10543075347867,-0.00980364652131982
United States Treasury Note/Bond,2018-07-02,2025-06-30,99.46875,99.51171875,2.75,USD,99.490234375,0.0275,100.0,2,99.47513066702665,-0.015103707973352698
United States Treasury Note/Bond,2022-07-15,2025-07-15,99.4921875,99.53125,3.0,USD,99.51171875,0.03,100.0,2,99.5166447890537,0.004926039053700038
United States Treasury Note/Bond,2018-07-31,2025-07-31,99.38671875,99.43359375,2.875,USD,99.41015625,0.02875,100.0,2,99.41330923089727,0.003152980897269231
United States Treasury Note/Bond,2020-07-31,2025-07-31,98.27734375,98.3359375,0.25,USD,98.306640625,0.0025,100.0,2,98.30571573414431,-0.0009248908556855895
United States Treasury Note/Bond,2023-07-31,2025-07-31,100.171875,100.2109375,4.75,USD,100.19140625,0.0475,100.0,2,100.20444744286368,0.013041192863681772
United States Treasury Note/Bond,1995-08-15,2025-08-15,101.1367188,101.7304688,6.875,USD,101.4335938,0.06875,100.0,2,101.2117023954258,-0.22189140457419398
United States Treasury Note/Bond,2022-08-15,2025-08-15,99.44140625,99.4765625,3.125,USD,99.458984375,0.03125,100.0,2,99.47719773348673,0.018213358486733
United States Treasury Note/Bond,2015-08-17,2025-08-15,98.91796875,98.953125,2.0,USD,98.935546875,0.02,100.0,2,98.956846334905,0.021299459904994933
United States Treasury Note/Bond,2018-08-31,2025-08-31,99.19921875,99.23828125,2.75,USD,99.21875,0.0275,100.0,2,99.22027114886703,0.0015211488670274775
United States Treasury Note/Bond,2020-08-31,2025-08-31,97.953125,98.01171875,0.25,USD,97.982421875,0.0025,100.0,2,97.97717418987429,-0.005247685125709722
United States Treasury Note/Bond,2023-08-31,2025-08-31,100.3203125,100.3476563,5.0,USD,100.33398439999999,0.05,100.0,2,100.3390584119605,0.005074011960502389
United States Treasury Note/Bond,2022-09-15,2025-09-15,99.55859375,99.59375,3.5,USD,99.576171875,0.035,100.0,2,99.56564578218808,-0.010526092811915078
United States Treasury Note/Bond,2018-10-01,2025-09-30,99.25390625,99.28125,3.0,USD,99.267578125,0.03,100.0,2,99.24989266618434,-0.01768545881566297
United States Treasury Note/Bond,2023-10-02,2025-09-30,100.3828125,100.4296875,5.0,USD,100.40625,0.05,100.0,2,100.40351986645697,-0.002730133543025204
United States Treasury Note/Bond,2020-09-30,2025-09-30,97.625,97.69140625,0.25,USD,97.658203125,0.0025,100.0,2,97.66365526580945,0.005452140809452999
United States Treasury Note/Bond,2022-10-17,2025-10-15,99.98828125,100.0195313,4.25,USD,100.00390627499999,0.0425,100.0,2,99.98235239412976,-0.021553880870229136
United States Treasury Note/Bond,2018-10-31,2025-10-31,99.16015625,99.1953125,3.0,USD,99.177734375,0.03,100.0,2,99.15146283726406,-0.026271537735937045
United States Treasury Note/Bond,2023-10-31,2025-10-31,100.4648438,100.5117188,5.0,USD,100.4882813,0.05,100.0,2,100.46738905780197,-0.02089224219803043
United States Treasury Note/Bond,2020-11-02,2025-10-31,97.328125,97.390625,0.25,USD,97.359375,0.0025,100.0,2,97.34206428402446,-0.017310715975540347
United States Treasury Note/Bond,2022-11-15,2025-11-15,100.1328125,100.1601563,4.5,USD,100.14648439999999,0.045,100.0,2,100.15712854385082,0.010644143850825571
United States Treasury Note/Bond,2015-11-16,2025-11-15,98.56640625,98.609375,2.25,USD,98.587890625,0.0225,100.0,2,98.58509427830445,-0.0027963466955469585
United States Treasury Note/Bond,2018-11-30,2025-11-30,98.9609375,99.0,2.875,USD,98.98046875,0.02875,100.0,2,98.97211835493947,-0.008350395060531923
United States Treasury Note/Bond,2020-11-30,2025-11-30,97.09765625,97.15625,0.375,USD,97.126953125,0.00375,100.0,2,97.1260273223251,-0.0009258026748995007
United States Treasury Note/Bond,2023-11-30,2025-11-30,100.421875,100.4570313,4.875,USD,100.43945314999999,0.04875,100.0,2,100.44899118103096,0.009538031030970728
United States Treasury Note/Bond,2022-12-15,2025-12-15,99.80859375,99.8515625,4.0,USD,99.830078125,0.04,100.0,2,99.80264949562552,-0.02742862937448365
United States Treasury Note/Bond,2024-01-02,2025-12-31,100.0,100.0429688,4.25,USD,100.02148439999999,0.0425,100.0,2,99.99156624040357,-0.02991815959641997
United States Treasury Note/Bond,2018-12-31,2025-12-31,98.68359375,98.72265625,2.625,USD,98.703125,0.02625,100.0,2,98.66114611738926,-0.04197888261073501
United States Treasury Note/Bond,2020-12-31,2025-12-31,96.8203125,96.88671875,0.375,USD,96.853515625,0.00375,100.0,2,96.81902594706176,-0.03448967793823954
United States Treasury Note/Bond,2023-01-17,2026-01-15,99.7109375,99.74609375,3.875,USD,99.728515625,0.03875,100.0,2,99.68370074305881,-0.04481488194119265
United States Treasury Note/Bond,2019-01-31,2026-01-31,98.55078125,98.5859375,2.625,USD,98.568359375,0.02625,100.0,2,98.5469930720521,-0.021366302947896543
United States Treasury Note/Bond,2024-01-31,2026-01-31,100.0,100.0273438,4.25,USD,100.01367189999999,0.0425,100.0,2,100.01408492720122,0.00041302720123326253
United States Treasury Note/Bond,2021-02-01,2026-01-31,96.5,96.55859375,0.375,USD,96.529296875,0.00375,100.0,2,96.51563511876867,-0.013661756231329036
United States Treasury Note/Bond,1996-02-15,2026-02-15,101.5195313,102.140625,6.0,USD,101.83007814999999,0.06,100.0,2,101.67142812596092,-0.15865002403907624
United States Treasury Note/Bond,2023-02-15,2026-02-15,99.76953125,99.80859375,4.0,USD,99.7890625,0.04,100.0,2,99.78620149072422,-0.0028610092757759276
United States Treasury Note/Bond,2016-02-16,2026-02-15,97.5390625,97.57421875,1.625,USD,97.556640625,0.01625,100.0,2,97.54749486138067,-0.009145763619329728
United States Treasury Note/Bond,2019-02-28,2026-02-28,98.30859375,98.3359375,2.5,USD,98.322265625,0.025,100.0,2,98.31827117291213,-0.003994452087866307
United States Treasury Note/Bond,2024-02-29,2026-02-28,100.375,100.3945313,4.625,USD,100.38476564999999,0.04625,100.0,2,100.39394509229443,0.0091794422944389
United States Treasury Note/Bond,2021-03-01,2026-02-28,96.3359375,96.3828125,0.5,USD,96.359375,0.005,100.0,2,96.36469571937583,0.005320719375831118
United States Treasury Note/Bond,2023-03-15,2026-03-15,100.3945313,100.4296875,4.625,USD,100.41210939999999,0.04625,100.0,2,100.41328346712145,0.0011740671214539589
United States Treasury Note/Bond,2021-03-31,2026-03-31,96.33203125,96.359375,0.75,USD,96.345703125,0.0075,100.0,2,96.33600594503723,-0.009697179962770974
United States Treasury Note/Bond,2019-04-01,2026-03-31,97.92578125,97.9609375,2.25,USD,97.943359375,0.0225,100.0,2,97.91781460734583,-0.0255447676541678
United States Treasury Note/Bond,2024-04-01,2026-03-31,100.2890625,100.3164063,4.5,USD,100.30273439999999,0.045,100.0,2,100.29052760080873,-0.012206799191261553
United States Treasury Note/Bond,2023-04-17,2026-04-15,99.4921875,99.51171875,3.75,USD,99.501953125,0.0375,100.0,2,99.49335849768597,-0.00859462731402516
United States Treasury Note/Bond,2019-04-30,2026-04-30,97.92578125,97.95703125,2.375,USD,97.94140625,0.02375,100.0,2,97.91986768078436,-0.021538569215636016
United States Treasury Note/Bond,2021-04-30,2026-04-30,96.07421875,96.10546875,0.75,USD,96.08984375,0.0075,100.0,2,96.07687496097154,-0.01296878902846288
United States Treasury Note/Bond,2024-04-30,2026-04-30,100.7460938,100.765625,4.875,USD,100.75585939999999,0.04875,100.0,2,100.75524109588102,-0.000618304118972901
United States Treasury Note/Bond,2023-05-15,2026-05-15,99.3203125,99.34765625,3.625,USD,99.333984375,0.03625,100.0,2,99.3232449679163,-0.010739407083704577
United States Treasury Note/Bond,2016-05-16,2026-05-15,96.97265625,97.0078125,1.625,USD,96.990234375,0.01625,100.0,2,96.97520691632543,-0.015027458674566674
United States Treasury Note/Bond,2019-05-31,2026-05-31,97.46875,97.5,2.125,USD,97.484375,0.02125,100.0,2,97.47588043849137,-0.00849456150862693
United States Treasury Note/Bond,2024-05-31,2026-05-31,100.8046875,100.828125,4.875,USD,100.81640625,0.04875,100.0,2,100.81143367723479,-0.00497257276521168
United States Treasury Note/Bond,2021-06-01,2026-05-31,95.8046875,95.8359375,0.75,USD,95.8203125,0.0075,100.0,2,95.80810381911967,-0.012208680880334555
United States Treasury Note/Bond,2023-06-15,2026-06-15,99.921875,99.94140625,4.125,USD,99.931640625,0.04125,100.0,2,99.90867858467945,-0.02296204032055016
United States Treasury Note/Bond,2021-06-30,2026-06-30,95.703125,95.734375,0.875,USD,95.71875,0.00875,100.0,2,95.71280396413896,-0.005946035861043697
United States Treasury Note/Bond,2019-07-01,2026-06-30,97.01171875,97.04296875,1.875,USD,97.02734375,0.01875,100.0,2,97.00449112638165,-0.02285262361834839
United States Treasury Note/Bond,2024-07-01,2026-06-30,100.5703125,100.5859375,4.625,USD,100.578125,0.04625,100.0,2,100.55663082254908,-0.021494177450918528
United States Treasury Note/Bond,2023-07-17,2026-07-15,100.4257813,100.4414063,4.5,USD,100.4335938,0.045,100.0,2,100.42149732626905,-0.012096473730949242
United States Treasury Note/Bond,2019-07-31,2026-07-31,96.8359375,96.86328125,1.875,USD,96.849609375,0.01875,100.0,2,96.83407485610276,-0.015534518897240446
United States Treasury Note/Bond,2024-07-31,2026-07-31,100.2578125,100.28125,4.375,USD,100.26953125,0.04375,100.0,2,100.26935939181884,-0.00017185818116161045
United States Treasury Note/Bond,2021-08-02,2026-07-31,95.11328125,95.14453125,0.625,USD,95.12890625,0.00625,100.0,2,95.1164325882447,-0.012473661755294074
United States Treasury Note/Bond,1996-08-15,2026-08-15,103.5351563,104.0859375,6.75,USD,103.81054689999999,0.0675,100.0,2,103.63939055469226,-0.17115634530773605
United States Treasury Note/Bond,2016-08-15,2026-08-15,96.21875,96.25,1.5,USD,96.234375,0.015,100.0,2,96.2205234015537,-0.013851598446294133
United States Treasury Note/Bond,2023-08-15,2026-08-15,100.2695313,100.2890625,4.375,USD,100.27929689999999,0.04375,100.0,2,100.28323636636766,0.003939466367668842
United States Treasury Note/Bond,2021-08-31,2026-08-31,95.01953125,95.05078125,0.75,USD,95.03515625,0.0075,100.0,2,95.01880117171335,-0.016355078286650837
United States Treasury Note/Bond,2019-09-03,2026-08-31,95.94921875,95.9765625,1.375,USD,95.962890625,0.01375,100.0,2,95.92283711979972,-0.04005350520027662
United States Treasury Note/Bond,2024-09-03,2026-08-31,99.36328125,99.38671875,3.75,USD,99.375,0.0375,100.0,2,99.35817372252792,-0.016826277472077322
United States Treasury Note/Bond,2023-09-15,2026-09-15,100.6640625,100.6835938,4.625,USD,100.67382814999999,0.04625,100.0,2,100.64387369073313,-0.029954459266861022
United States Treasury Note/Bond,2019-09-30,2026-09-30,96.12109375,96.1484375,1.625,USD,96.134765625,0.01625,100.0,2,96.09629589472819,-0.038469730271813773
United States Treasury Note/Bond,2021-09-30,2026-09-30,94.953125,94.98046875,0.875,USD,94.966796875,0.00875,100.0,2,94.95426945988144,-0.01252741511855504
United States Treasury Note/Bond,2024-09-30,2026-09-30,98.96484375,98.98046875,3.5,USD,98.97265625,0.035,100.0,2,98.95136198184501,-0.021294268154989027
United States Treasury Note/Bond,2023-10-16,2026-10-15,100.6953125,100.71875,4.625,USD,100.70703125,0.04625,100.0,2,100.69406815601505,-0.012963093984950547
United States Treasury Note/Bond,2019-10-31,2026-10-31,95.90234375,95.9296875,1.625,USD,95.916015625,0.01625,100.0,2,95.90162326712195,-0.014392357878051598
United States Treasury Note/Bond,2024-10-31,2026-10-31,99.90234375,99.91015625,4.125,USD,99.90625,0.04125,100.0,2,99.90325372558263,-0.0029962744173701594
United States Treasury Note/Bond,2021-11-01,2026-10-31,95.08984375,95.1171875,1.125,USD,95.103515625,0.01125,100.0,2,95.1012971754298,-0.0022184495701935703
United States Treasury Note/Bond,1996-11-15,2026-11-15,104.0820313,104.5898438,6.5,USD,104.33593755,0.065,100.0,2,103.80380815713269,-0.5321293928673043
United States Treasury Note/Bond,2016-11-15,2026-11-15,96.41015625,96.4453125,2.0,USD,96.427734375,0.02,100.0,2,96.4249497555686,-0.0027846194313951855
United States Treasury Note/Bond,2023-11-15,2026-11-15,100.71875,100.7382813,4.625,USD,100.72851564999999,0.04625,100.0,2,100.72928382314765,0.0007681731476623099
United States Treasury Note/Bond,2021-11-30,2026-11-30,95.08984375,95.12109375,1.25,USD,95.10546875,0.0125,100.0,2,95.08800531256317,-0.017463437436830986
United States Treasury Note/Bond,2019-12-02,2026-11-30,95.72265625,95.75,1.625,USD,95.736328125,0.01625,100.0,2,95.71723061758586,-0.019097507414144843
United States Treasury Note/Bond,2024-12-02,2026-11-30,100.125,100.1289063,4.25,USD,100.12695314999999,0.0425,100.0,2,100.12180775274472,-0.005145397255276407
United States Treasury Note/Bond,2023-12-15,2026-12-15,100.3359375,100.3515625,4.375,USD,100.34375,0.04375,100.0,2,100.34832431612814,0.004574316128142186
United States Treasury Note/Bond,2019-12-31,2026-12-31,95.765625,95.79296875,1.75,USD,95.779296875,0.0175,100.0,2,95.74256425359589,-0.03673262140411282
United States Treasury Note/Bond,2021-12-31,2026-12-31,94.875,94.8984375,1.25,USD,94.88671875,0.0125,100.0,2,94.86504257651502,-0.021676173484976857
United States Treasury Note/Bond,2024-12-31,2026-12-31,100.1367188,100.1445313,4.25,USD,100.14062505,0.0425,100.0,2,100.13017263900032,-0.010452410999675976
United States Treasury Note/Bond,2024-01-16,2027-01-15,99.6875,99.703125,4.0,USD,99.6953125,0.04,100.0,2,99.69745696366216,0.002144463662162366
United States Treasury Note/Bond,2020-01-31,2027-01-31,95.09375,95.125,1.5,USD,95.109375,0.015,100.0,2,95.10661072600237,-0.0027642739976272424
United States Treasury Note/Bond,2025-01-31,2027-01-31,99.921875,99.9296875,4.125,USD,99.92578125,0.04125,100.0,2,99.92578991040006,8.660400055759965e-06
United States Treasury Note/Bond,2017-02-15,2027-02-15,96.390625,96.43359375,2.25,USD,96.412109375,0.0225,100.0,2,96.41576671989478,0.0036573448947763154
United States Treasury Note/Bond,2024-02-15,2027-02-15,99.921875,99.9453125,4.125,USD,99.93359375,0.04125,100.0,2,99.92972788165915,-0.003865868340852785
United States Treasury Note/Bond,1997-02-18,2027-02-15,104.8359375,105.2578125,6.625,USD,105.046875,0.06625,100.0,2,104.61500943067828,-0.43186556932171527
United States Treasury Note/Bond,2022-02-28,2027-02-28,95.625,95.65234375,1.875,USD,95.638671875,0.01875,100.0,2,95.64140893982172,0.0027370648217157623
United States Treasury Note/Bond,2025-02-28,2027-02-28,99.93359375,99.9453125,4.125,USD,99.939453125,0.04125,100.0,2,99.93203136766516,-0.007421757334839185
United States Treasury Note/Bond,2020-03-02,2027-02-28,94.2109375,94.2421875,1.125,USD,94.2265625,0.01125,100.0,2,94.21120146387392,-0.015361036126080307
United States Treasury Note/Bond,2024-03-15,2027-03-15,100.140625,100.1796875,4.25,USD,100.16015625,0.0425,100.0,2,100.1749678909333,0.014811640933302783
United States Treasury Note/Bond,2020-03-31,2027-03-31,92.953125,93.0078125,0.625,USD,92.98046875,0.00625,100.0,2,92.98739621501971,0.006927465019714418
United States Treasury Note/Bond,2022-03-31,2027-03-31,96.71875,96.7578125,2.5,USD,96.73828125,0.025,100.0,2,96.70260910138248,-0.03567214861752177
United States Treasury Note/Bond,2024-04-15,2027-04-15,100.6484375,100.6953125,4.5,USD,100.671875,0.045,100.0,2,100.68926857820401,0.017393578204007554
United States Treasury Note/Bond,2020-04-30,2027-04-30,92.4296875,92.4921875,0.5,USD,92.4609375,0.005,100.0,2,92.47197035493544,0.011032854935436376
United States Treasury Note/Bond,2022-05-02,2027-04-30,97.0703125,97.1171875,2.75,USD,97.09375,0.0275,100.0,2,97.10228806665594,0.008538066655944476
United States Treasury Note/Bond,2017-05-15,2027-05-15,96.2265625,96.265625,2.375,USD,96.24609375,0.02375,100.0,2,96.26873104337935,0.022637293379347057
United States Treasury Note/Bond,2024-05-15,2027-05-15,100.671875,100.703125,4.5,USD,100.6875,0.045,100.0,2,100.7231509857493,0.03565098574929948
United States Treasury Note/Bond,2022-05-31,2027-05-31,96.6796875,96.7265625,2.625,USD,96.703125,0.02625,100.0,2,96.72812392360015,0.0249989236001511
United States Treasury Note/Bond,2020-06-01,2027-05-31,92.1640625,92.1953125,0.5,USD,92.1796875,0.005,100.0,2,92.19428419159915,0.014596691599152223
United States Treasury Note/Bond,2024-06-17,2027-06-15,101.0,101.03125,4.625,USD,101.015625,0.04625,100.0,2,101.02051565747358,0.004890657473580973
United States Treasury Note/Bond,2020-06-30,2027-06-30,91.8984375,91.9375,0.5,USD,91.91796875,0.005,100.0,2,91.92737053593962,0.009401785939616047
United States Treasury Note/Bond,2022-06-30,2027-06-30,98.015625,98.046875,3.25,USD,98.03125,0.0325,100.0,2,98.00269424309323,-0.028555756906769147
United States Treasury Note/Bond,2024-07-15,2027-07-15,100.4765625,100.5,4.375,USD,100.48828125,0.04375,100.0,2,100.50760662244193,0.019325372441926447
United States Treasury Note/Bond,2020-07-31,2027-07-31,91.3203125,91.3671875,0.375,USD,91.34375,0.00375,100.0,2,91.36661456218373,0.022864562183727344
United States Treasury Note/Bond,2022-08-01,2027-07-31,96.75,96.7890625,2.75,USD,96.76953125,0.0275,100.0,2,96.8016122277513,0.03208097775130625
United States Treasury Note/Bond,1997-08-15,2027-08-15,105.0,105.4921875,6.375,USD,105.24609375,0.06375,100.0,2,105.18415586989022,-0.06193788010978096
United States Treasury Note/Bond,2017-08-15,2027-08-15,95.546875,95.59375,2.25,USD,95.5703125,0.0225,100.0,2,95.58983701276308,0.01952451276308409
United States Treasury Note/Bond,2024-08-15,2027-08-15,99.03125,99.0546875,3.75,USD,99.04296875,0.0375,100.0,2,99.07868023353659,0.03571148353658771
United States Treasury Note/Bond,2020-08-31,2027-08-31,91.3515625,91.3828125,0.5,USD,91.3671875,0.005,100.0,2,91.37365764806049,0.006470148060486736
United States Treasury Note/Bond,2022-08-31,2027-08-31,97.53125,97.5703125,3.125,USD,97.55078125,0.03125,100.0,2,97.56318924152497,0.012407991524966633
United States Treasury Note/Bond,2024-09-16,2027-09-15,98.109375,98.125,3.375,USD,98.1171875,0.03375,100.0,2,98.12394997296435,0.00676247296435406
United States Treasury Note/Bond,2020-09-30,2027-09-30,90.7734375,90.8203125,0.375,USD,90.796875,0.00375,100.0,2,90.80316249415738,0.006287494157376727
United States Treasury Note/Bond,2022-09-30,2027-09-30,99.921875,99.9453125,4.125,USD,99.93359375,0.04125,100.0,2,99.91924636000036,-0.014347389999642246
United States Treasury Note/Bond,2024-10-15,2027-10-15,99.2734375,99.296875,3.875,USD,99.28515625,0.03875,100.0,2,99.30925321897621,0.02409696897620961
United States Treasury Note/Bond,2022-10-31,2027-10-31,99.8984375,99.9296875,4.125,USD,99.9140625,0.04125,100.0,2,99.91525869718622,0.0011961971862177734
United States Treasury Note/Bond,2020-11-02,2027-10-31,90.78125,90.828125,0.5,USD,90.8046875,0.005,100.0,2,90.83168698650503,0.026999486505033587
United States Treasury Note/Bond,2017-11-15,2027-11-15,95.1015625,95.1484375,2.25,USD,95.125,0.0225,100.0,2,95.15010888122187,0.025108881221868273
United States Treasury Note/Bond,2024-11-15,2027-11-15,99.8828125,99.8984375,4.125,USD,99.890625,0.04125,100.0,2,99.9188632032458,0.02823820324580595
United States Treasury Note/Bond,1997-11-17,2027-11-15,104.8203125,105.3984375,6.125,USD,105.109375,0.06125,100.0,2,105.00553448007135,-0.10384051992865295
United States Treasury Note/Bond,2020-11-30,2027-11-30,90.828125,90.875,0.625,USD,90.8515625,0.00625,100.0,2,90.88903361635309,0.037471116353088973
United States Treasury Note/Bond,2022-11-30,2027-11-30,99.2265625,99.265625,3.875,USD,99.24609375,0.03875,100.0,2,99.27405028623353,0.027956536233531892
United States Treasury Note/Bond,2024-12-16,2027-12-15,99.5703125,99.5859375,4.0,USD,99.578125,0.04,100.0,2,99.59602993541701,0.01790493541700755
United States Treasury Note/Bond,2023-01-03,2027-12-31,99.2265625,99.2578125,3.875,USD,99.2421875,0.03875,100.0,2,99.24900139488639,0.006813894886391836
United States Treasury Note/Bond,2020-12-31,2027-12-31,90.5625,90.6015625,0.625,USD,90.58203125,0.00625,100.0,2,90.62339816721052,0.041366917210524434
United States Treasury Note/Bond,2025-01-15,2028-01-15,100.2109375,100.2265625,4.25,USD,100.21875,0.0425,100.0,2,100.25708949737658,0.038339497376583154
United States Treasury Note/Bond,2023-01-31,2028-01-31,98.1640625,98.203125,3.5,USD,98.18359375,0.035,100.0,2,98.21403328263827,0.03043953263826893
United States Treasury Note/Bond,2021-02-01,2028-01-31,90.640625,90.703125,0.75,USD,90.671875,0.0075,100.0,2,90.70189750932515,0.030022509325149827
United States Treasury Note/Bond,2018-02-15,2028-02-15,96.0390625,96.09375,2.75,USD,96.06640625,0.0275,100.0,2,96.11567229236334,0.04926604236334242
United States Treasury Note/Bond,2025-02-18,2028-02-15,100.2421875,100.25,4.25,USD,100.24609375,0.0425,100.0,2,100.26828463560994,0.022190885609944644
United States Treasury Note/Bond,2023-02-28,2028-02-29,99.5,99.53125,4.0,USD,99.515625,0.04,100.0,2,99.56139816066285,0.04577316066284709
United States Treasury Note/Bond,2021-03-01,2028-02-29,91.4765625,91.5234375,1.125,USD,91.5,0.01125,100.0,2,91.5118916435223,0.011891643522304207
United States Treasury Note/Bond,2021-03-31,2028-03-31,91.6015625,91.65625,1.25,USD,91.62890625,0.0125,100.0,2,91.64033653194413,0.011430281944129206
United States Treasury Note/Bond,2023-03-31,2028-03-31,98.421875,98.453125,3.625,USD,98.4375,0.03625,100.0,2,98.45946575233408,0.021965752334082822
United States Treasury Note/Bond,2021-04-30,2028-04-30,91.3671875,91.4140625,1.25,USD,91.390625,0.0125,100.0,2,91.43169141155423,0.04106641155422608
United States Treasury Note/Bond,2023-05-01,2028-04-30,97.9921875,98.03125,3.5,USD,98.01171875,0.035,100.0,2,98.05708166855257,0.04536291855256991
United States Treasury Note/Bond,2018-05-15,2028-05-15,96.1015625,96.140625,2.875,USD,96.12109375,0.02875,100.0,2,96.17219026359618,0.051096513596178283
United States Treasury Note/Bond,2023-05-31,2028-05-31,98.3125,98.34375,3.625,USD,98.328125,0.03625,100.0,2,98.3782221459095,0.05009714590950409
United States Treasury Note/Bond,2021-06-01,2028-05-31,91.1171875,91.1953125,1.25,USD,91.15625,0.0125,100.0,2,91.21235000858023,0.056100008580230565
United States Treasury Note/Bond,2021-06-30,2028-06-30,90.90625,90.953125,1.25,USD,90.9296875,0.0125,100.0,2,91.00330776993572,0.07362026993571646
United States Treasury Note/Bond,2023-06-30,2028-06-30,99.4453125,99.4765625,4.0,USD,99.4609375,0.04,100.0,2,99.5002231319605,0.03928563196049595
United States Treasury Note/Bond,2023-07-31,2028-07-31,99.8125,99.84375,4.125,USD,99.828125,0.04125,100.0,2,99.8907368593967,0.06261185939669645
United States Treasury Note/Bond,2021-08-02,2028-07-31,89.9140625,89.96875,1.0,USD,89.94140625,0.01,100.0,2,89.99747470371022,0.05606845371022473
United States Treasury Note/Bond,2018-08-15,2028-08-15,95.7890625,95.828125,2.875,USD,95.80859375,0.02875,100.0,2,95.88724039158728,0.07864664158728374
United States Treasury Note/Bond,1998-08-17,2028-08-15,104.3671875,104.65625,5.5,USD,104.51171875,0.055,100.0,2,104.29201341026491,-0.21970533973508566
United States Treasury Note/Bond,2021-08-31,2028-08-31,90.0703125,90.1171875,1.125,USD,90.09375,0.01125,100.0,2,90.15899579348444,0.06524579348443638
United States Treasury Note/Bond,2023-08-31,2028-08-31,100.578125,100.609375,4.375,USD,100.59375,0.04375,100.0,2,100.66442856559647,0.07067856559646657
United States Treasury Note/Bond,2023-10-02,2028-09-30,101.421875,101.453125,4.625,USD,101.4375,0.04625,100.0,2,101.49714192248861,0.05964192248860911
United States Treasury Note/Bond,2021-09-30,2028-09-30,90.2734375,90.3203125,1.25,USD,90.296875,0.0125,100.0,2,90.35160754023784,0.05473254023783625
United States Treasury Note/Bond,2023-10-31,2028-10-31,102.28125,102.3125,4.875,USD,102.296875,0.04875,100.0,2,102.36429061736436,0.06741561736436097
United States Treasury Note/Bond,2021-11-01,2028-10-31,90.46875,90.515625,1.375,USD,90.4921875,0.01375,100.0,2,90.55461378241495,0.062426282414946854
United States Treasury Note/Bond,2018-11-15,2028-11-15,96.3203125,96.359375,3.125,USD,96.33984375,0.03125,100.0,2,96.42269379837812,0.08285004837811982
United States Treasury Note/Bond,1998-11-16,2028-11-15,103.4296875,103.7421875,5.25,USD,103.5859375,0.0525,100.0,2,103.66930377713592,0.08336627713592293
United States Treasury Note/Bond,2021-11-30,2028-11-30,90.6953125,90.7578125,1.5,USD,90.7265625,0.015,100.0,2,90.78481546649337,0.058252966493370195
United States Treasury Note/Bond,2023-11-30,2028-11-30,100.5859375,100.6171875,4.375,USD,100.6015625,0.04375,100.0,2,100.69017748431668,0.08861498431667769
United States Treasury Note/Bond,2024-01-02,2028-12-31,98.40625,98.4296875,3.75,USD,98.41796875,0.0375,100.0,2,98.495095268441,0.07712651844100549
United States Treasury Note/Bond,2021-12-31,2028-12-31,90.0703125,90.125,1.375,USD,90.09765625,0.01375,100.0,2,90.14380757106896,0.04615132106896169
United States Treasury Note/Bond,2022-01-31,2029-01-31,91.1875,91.234375,1.75,USD,91.2109375,0.0175,100.0,2,91.28518588150645,0.0742483815064503
United States Treasury Note/Bond,2024-01-31,2029-01-31,99.265625,99.296875,4.0,USD,99.28125,0.04,100.0,2,99.36459811770098,0.08334811770097872
United States Treasury Note/Bond,2019-02-15,2029-02-15,94.265625,94.3046875,2.625,USD,94.28515625,0.02625,100.0,2,94.37090201017357,0.08574576017356605
United States Treasury Note/Bond,1999-02-16,2029-02-15,104.0078125,104.3515625,5.25,USD,104.1796875,0.0525,100.0,2,103.88936331313337,-0.2903241868666271
United States Treasury Note/Bond,2022-02-28,2029-02-28,91.4765625,91.5078125,1.875,USD,91.4921875,0.01875,100.0,2,91.579152834376,0.08696533437600351
United States Treasury Note/Bond,2024-02-29,2029-02-28,100.15625,100.1875,4.25,USD,100.171875,0.0425,100.0,2,100.26288660661442,0.09101160661441554
United States Treasury Note/Bond,2022-03-31,2029-03-31,93.1484375,93.1796875,2.375,USD,93.1640625,0.02375,100.0,2,93.26208659309577,0.09802409309577342
United States Treasury Note/Bond,2024-04-01,2029-03-31,99.671875,99.7109375,4.125,USD,99.69140625,0.04125,100.0,2,99.77989683020162,0.08849058020162204
United States Treasury Note/Bond,2024-04-30,2029-04-30,101.5703125,101.6015625,4.625,USD,101.5859375,0.04625,100.0,2,101.67073322685731,0.0847957268573083
United States Treasury Note/Bond,2022-05-02,2029-04-30,94.921875,94.96875,2.875,USD,94.9453125,0.02875,100.0,2,95.02976132354108,0.08444882354108074
United States Treasury Note/Bond,2019-05-15,2029-05-15,92.9921875,93.015625,2.375,USD,93.00390625,0.02375,100.0,2,93.06756406760783,0.06365781760783307
United States Treasury Note/Bond,2022-05-31,2029-05-31,94.3203125,94.3671875,2.75,USD,94.34375,0.0275,100.0,2,94.44022715583792,0.09647715583791694
United States Treasury Note/Bond,2024-05-31,2029-05-31,101.1171875,101.140625,4.5,USD,101.12890625,0.045,100.0,2,101.20294259955803,0.07403634955802829
United States Treasury Note/Bond,2022-06-30,2029-06-30,96.1875,96.21875,3.25,USD,96.203125,0.0325,100.0,2,96.30218106104259,0.0990560610425888
United States Treasury Note/Bond,2024-07-01,2029-06-30,100.1328125,100.15625,4.25,USD,100.14453125,0.0425,100.0,2,100.23614633872694,0.09161508872693958
United States Treasury Note/Bond,2024-07-31,2029-07-31,99.1484375,99.1796875,4.0,USD,99.1640625,0.04,100.0,2,99.23853546022048,0.07447296022047567
United States Treasury Note/Bond,2022-08-01,2029-07-31,93.625,93.65625,2.625,USD,93.640625,0.02625,100.0,2,93.72904181308857,0.08841681308857119
United States Treasury Note/Bond,2019-08-15,2029-08-15,89.6640625,89.6953125,1.625,USD,89.6796875,0.01625,100.0,2,89.63029555278476,-0.049391947215241316
United States Treasury Note/Bond,1999-08-16,2029-08-15,107.609375,107.96875,6.125,USD,107.7890625,0.06125,100.0,2,107.81657590847782,0.027513408477815915
United States Treasury Note/Bond,2022-08-31,2029-08-31,95.53125,95.5625,3.125,USD,95.546875,0.03125,100.0,2,95.6267237688394,0.07984876883939762
United States Treasury Note/Bond,2024-09-03,2029-08-31,97.609375,97.640625,3.625,USD,97.625,0.03625,100.0,2,97.66214165219995,0.03714165219994925
United States Treasury Note/Bond,2022-09-30,2029-09-30,98.5546875,98.5859375,3.875,USD,98.5703125,0.03875,100.0,2,98.64302904444014,0.07271654444014075
United States Treasury Note/Bond,2024-09-30,2029-09-30,97.0234375,97.046875,3.5,USD,97.03515625,0.035,100.0,2,97.09144315436357,0.05628690436357431
United States Treasury Note/Bond,2022-10-31,2029-10-31,99.03125,99.0703125,4.0,USD,99.05078125,0.04,100.0,2,99.13053662502398,0.07975537502397856
United States Treasury Note/Bond,2024-10-31,2029-10-31,99.6015625,99.625,4.125,USD,99.61328125,0.04125,100.0,2,99.65633243026106,0.043051180261059585
United States Treasury Note/Bond,2019-11-15,2029-11-15,89.625,89.6953125,1.75,USD,89.66015625,0.0175,100.0,2,89.57908361428872,-0.08107263571127987
United States Treasury Note/Bond,2022-11-30,2029-11-30,98.46875,98.5078125,3.875,USD,98.48828125,0.03875,100.0,2,98.57405444714674,0.08577319714673592
United States Treasury Note/Bond,2024-12-02,2029-11-30,99.625,99.640625,4.125,USD,99.6328125,0.04125,100.0,2,99.64268191670565,0.009869416705654999
United States Treasury Note/Bond,2023-01-03,2029-12-31,98.4375,98.46875,3.875,USD,98.453125,0.03875,100.0,2,98.5332783087777,0.080153308777696
United States Treasury Note/Bond,2024-12-31,2029-12-31,100.65625,100.671875,4.375,USD,100.6640625,0.04375,100.0,2,100.70452621520478,0.04046371520477976
United States Treasury Note/Bond,2023-01-31,2030-01-31,96.75,96.7890625,3.5,USD,96.76953125,0.035,100.0,2,96.85095010465312,0.08141885465312271
United States Treasury Note/Bond,2025-01-31,2030-01-31,100.1328125,100.140625,4.25,USD,100.13671875,0.0425,100.0,2,100.16138687701034,0.02466812701034371
United States Treasury Note/Bond,2020-02-18,2030-02-15,87.828125,87.8984375,1.5,USD,87.86328125,0.015,100.0,2,87.92685569835145,0.06357444835144577
United States Treasury Note/Bond,2023-02-28,2030-02-28,98.9296875,98.9609375,4.0,USD,98.9453125,0.04,100.0,2,99.03460256226568,0.08929006226567537
United States Treasury Note/Bond,2023-03-31,2030-03-31,97.1875,97.2109375,3.625,USD,97.19921875,0.03625,100.0,2,97.28857106422585,0.08935231422584877
United States Treasury Note/Bond,2023-05-01,2030-04-30,96.5625,96.5859375,3.5,USD,96.57421875,0.035,100.0,2,96.66371596264261,0.08949721264261257
United States Treasury Note/Bond,2000-02-15,2030-05-15,109.2265625,109.5390625,6.25,USD,109.3828125,0.0625,100.0,2,109.40272679150424,0.019914291504235848
United States Treasury Note/Bond,2020-05-15,2030-05-15,83.1640625,83.2421875,0.625,USD,83.203125,0.00625,100.0,2,83.28730353427821,0.08417853427820887
United States Treasury Note/Bond,2023-05-31,2030-05-31,97.6484375,97.671875,3.75,USD,97.66015625,0.0375,100.0,2,97.76329047849296,0.10313422849296217
United States Treasury Note/Bond,2023-06-30,2030-06-30,97.609375,97.6328125,3.75,USD,97.62109375,0.0375,100.0,2,97.72070659854914,0.09961284854914254
United States Treasury Note/Bond,2023-07-31,2030-07-31,98.7734375,98.796875,4.0,USD,98.78515625,0.04,100.0,2,98.884151661376,0.09899541137599499
United States Treasury Note/Bond,2020-08-17,2030-08-15,82.4140625,82.5,0.625,USD,82.45703125,0.00625,100.0,2,82.51820989864518,0.061178648645181966
United States Treasury Note/Bond,2023-08-31,2030-08-31,99.328125,99.3515625,4.125,USD,99.33984375,0.04125,100.0,2,99.43698914672433,0.0971453967243292
United States Treasury Note/Bond,2023-10-02,2030-09-30,101.78125,101.8125,4.625,USD,101.796875,0.04625,100.0,2,101.87704887187186,0.08017387187186387
United States Treasury Note/Bond,2023-10-31,2030-10-31,103.0546875,103.078125,4.875,USD,103.06640625,0.04875,100.0,2,103.13198968962273,0.06558343962272772
United States Treasury Note/Bond,2020-11-16,2030-11-15,82.9765625,83.0546875,0.875,USD,83.015625,0.00875,100.0,2,83.00452313832834,-0.01110186167166205
United States Treasury Note/Bond,2023-11-30,2030-11-30,100.515625,100.546875,4.375,USD,100.53125,0.04375,100.0,2,100.6256258410645,0.09437584106450458
United States Treasury Note/Bond,2024-01-02,2030-12-31,97.3125,97.3359375,3.75,USD,97.32421875,0.0375,100.0,2,97.40266175556553,0.07844300556553208
United States Treasury Note/Bond,2024-01-31,2031-01-31,98.5703125,98.6015625,4.0,USD,98.5859375,0.04,100.0,2,98.66053419366008,0.0745966936600837
United States Treasury Note/Bond,2001-02-15,2031-02-15,105.6796875,105.9921875,5.375,USD,105.8359375,0.05375,100.0,2,105.84163203355558,0.005694533555583803
United States Treasury Note/Bond,2021-02-16,2031-02-15,83.6796875,83.7578125,1.125,USD,83.71875,0.01125,100.0,2,83.59851097904456,-0.12023902095543804
United States Treasury Note/Bond,2024-02-29,2031-02-28,99.84375,99.875,4.25,USD,99.859375,0.0425,100.0,2,99.94637442460159,0.08699942460158638
United States Treasury Note/Bond,2024-04-01,2031-03-31,99.15625,99.1875,4.125,USD,99.171875,0.04125,100.0,2,99.24664401150851,0.07476901150850779
United States Treasury Note/Bond,2024-04-30,2031-04-30,101.8359375,101.859375,4.625,USD,101.84765625,0.04625,100.0,2,101.91861297757328,0.0709567275732752
United States Treasury Note/Bond,2021-05-17,2031-05-15,85.578125,85.6171875,1.625,USD,85.59765625,0.01625,100.0,2,85.66366259952933,0.06600634952933149
United States Treasury Note/Bond,2024-05-31,2031-05-31,101.8125,101.84375,4.625,USD,101.828125,0.04625,100.0,2,101.9161138246021,0.08798882460210677
United States Treasury Note/Bond,2024-07-01,2031-06-30,99.78125,99.8046875,4.25,USD,99.79296875,0.0425,100.0,2,99.85550780122676,0.06253905122676429
United States Treasury Note/Bond,2024-07-31,2031-07-31,99.078125,99.1015625,4.125,USD,99.08984375,0.04125,100.0,2,99.14604050636159,0.05619675636158661
United States Treasury Note/Bond,2021-08-16,2031-08-15,82.90625,82.953125,1.25,USD,82.9296875,0.0125,100.0,2,82.99443341051767,0.0647459105176722
United States Treasury Note/Bond,2024-09-03,2031-08-31,96.90625,96.9375,3.75,USD,96.921875,0.0375,100.0,2,96.9770326000216,0.05515760002160164
United States Treasury Note/Bond,2024-09-30,2031-09-30,96.171875,96.203125,3.625,USD,96.1875,0.03625,100.0,2,96.20663797910733,0.019137979107327396
United States Treasury Note/Bond,2024-10-31,2031-10-31,98.984375,99.015625,4.125,USD,99.0,0.04125,100.0,2,99.02269128100691,0.022691281006913755
United States Treasury Note/Bond,2021-11-15,2031-11-15,83.03125,83.0625,1.375,USD,83.046875,0.01375,100.0,2,83.07266929041573,0.02579429041573178
United States Treasury Note/Bond,2024-12-02,2031-11-30,98.96875,99.0,4.125,USD,98.984375,0.04125,100.0,2,98.99553042607103,0.011155426071027819
United States Treasury Note/Bond,2024-12-31,2031-12-31,101.171875,101.203125,4.5,USD,101.1875,0.045,100.0,2,101.16707544429087,-0.020424555709126935
United States Treasury Note/Bond,2025-01-31,2032-01-31,100.4375,100.453125,4.375,USD,100.4453125,0.04375,100.0,2,100.42474748086244,-0.020565019137563922
United States Treasury Note/Bond,2022-02-15,2032-02-15,85.421875,85.46875,1.875,USD,85.4453125,0.01875,100.0,2,85.45680450468562,0.011492004685621282
United States Treasury Note/Bond,2022-05-16,2032-05-15,91.125,91.15625,2.875,USD,91.140625,0.02875,100.0,2,91.10842054160965,-0.03220445839035335
United States Treasury Note/Bond,2022-08-15,2032-08-15,90.03125,90.078125,2.75,USD,90.0546875,0.0275,100.0,2,89.98946677759426,-0.06522072240574062
United States Treasury Note/Bond,2022-11-15,2032-11-15,98.75,98.78125,4.125,USD,98.765625,0.04125,100.0,2,98.58168289986536,-0.18394210013464374
United States Treasury Note/Bond,2023-02-15,2033-02-15,94.40625,94.421875,3.5,USD,94.4140625,0.035,100.0,2,94.29369341209227,-0.12036908790773282
United States Treasury Note/Bond,2023-05-15,2033-05-15,93.34375,93.375,3.375,USD,93.359375,0.03375,100.0,2,93.21670065073131,-0.14267434926868816
United States Treasury Note/Bond,2023-08-15,2033-08-15,96.625,96.671875,3.875,USD,96.6484375,0.03875,100.0,2,96.50438285474922,-0.14405464525077605
United States Treasury Note/Bond,2023-11-15,2033-11-15,101.0,101.046875,4.5,USD,101.0234375,0.045,100.0,2,100.82796152463506,-0.19547597536494266
United States Treasury Note/Bond,2024-02-15,2034-02-15,97.28125,97.3125,4.0,USD,97.296875,0.04,100.0,2,97.09326435841021,-0.20361064158979048
United States Treasury Note/Bond,2024-05-15,2034-05-15,100.0,100.03125,4.375,USD,100.015625,0.04375,100.0,2,99.78430229473518,-0.2313227052648159
United States Treasury Note/Bond,2024-08-15,2034-08-15,96.140625,96.15625,3.875,USD,96.1484375,0.03875,100.0,2,95.85979248312013,-0.2886450168798689
United States Treasury Note/Bond,2024-11-15,2034-11-15,98.9375,98.96875,4.25,USD,98.953125,0.0425,100.0,2,98.62557260945408,-0.3275523905459181
United States Treasury Note/Bond,2025-02-18,2035-02-15,101.953125,101.96875,4.625,USD,101.9609375,0.04625,100.0,2,101.54965899602139,-0.41127850397860755
United States Treasury Note/Bond,2006-02-15,2036-02-15,101.546875,101.921875,4.5,USD,101.734375,0.045,100.0,2,100.28493677938954,-1.4494382206104603
United States Treasury Note/Bond,2007-02-15,2037-02-15,103.484375,103.6875,4.75,USD,103.5859375,0.0475,100.0,2,102.31901598079308,-1.2669215192069174
United States Treasury Note/Bond,2007-08-15,2037-05-15,105.640625,105.828125,5.0,USD,105.734375,0.05,100.0,2,104.63056016133818,-1.103814838661819
United States Treasury Note/Bond,2008-02-15,2038-02-15,99.296875,99.515625,4.375,USD,99.40625,0.04375,100.0,2,98.50719325448006,-0.8990567455199425
United States Treasury Note/Bond,2008-08-15,2038-05-15,100.5,100.75,4.5,USD,100.625,0.045,100.0,2,99.66299469571743,-0.9620053042825703
United States Treasury Note/Bond,2009-02-17,2039-02-15,89.84375,90.0625,3.5,USD,89.953125,0.035,100.0,2,89.11479792678954,-0.8383270732104648
United States Treasury Note/Bond,2009-05-15,2039-05-15,97.109375,97.34375,4.25,USD,97.2265625,0.0425,100.0,2,96.77385313478244,-0.452709365217558
United States Treasury Note/Bond,2009-08-17,2039-08-15,99.609375,99.78125,4.5,USD,99.6953125,0.045,100.0,2,99.33903727401254,-0.35627522598746
United States Treasury Note/Bond,2009-11-16,2039-11-15,98.171875,98.359375,4.375,USD,98.265625,0.04375,100.0,2,97.9071807552359,-0.35844424476410097
United States Treasury Note/Bond,2010-02-16,2040-02-15,100.75,100.953125,4.625,USD,100.8515625,0.04625,100.0,2,100.55319855262296,-0.29836394737704097
United States Treasury Note/Bond,2010-05-17,2040-05-15,97.921875,98.109375,4.375,USD,98.015625,0.04375,100.0,2,97.74796146014366,-0.2676635398563434
United States Treasury Note/Bond,2020-06-01,2040-05-15,62.15625,62.328125,1.125,USD,62.2421875,0.01125,100.0,2,62.07393900123957,-0.1682484987604269
United States Treasury Note/Bond,2010-08-16,2040-08-15,92.25,92.484375,3.875,USD,92.3671875,0.03875,100.0,2,92.12953037012879,-0.23765712987120935
United States Treasury Note/Bond,2020-08-31,2040-08-15,61.5625,61.75,1.125,USD,61.65625,0.01125,100.0,2,61.596746122498004,-0.05950387750199582
United States Treasury Note/Bond,2010-11-15,2040-11-15,96.265625,96.46875,4.25,USD,96.3671875,0.0425,100.0,2,96.17544335432349,-0.191744145676509
United States Treasury Note/Bond,2020-11-30,2040-11-15,63.8125,63.96875,1.375,USD,63.890625,0.01375,100.0,2,63.92054876780726,0.02992376780726147
United States Treasury Note/Bond,2011-02-15,2041-02-15,101.84375,102.0625,4.75,USD,101.953125,0.0475,100.0,2,101.76570595870888,-0.18741904129112186
United States Treasury Note/Bond,2021-03-01,2041-02-15,69.03125,69.1875,1.875,USD,69.109375,0.01875,100.0,2,69.15665091575408,0.04727591575408496
United States Treasury Note/Bond,2011-05-16,2041-05-15,97.421875,97.609375,4.375,USD,97.515625,0.04375,100.0,2,97.43058548011278,-0.08503951988721781
United States Treasury Note/Bond,2021-06-01,2041-05-15,72.9375,73.125,2.25,USD,73.03125,0.0225,100.0,2,73.08732017826554,0.056070178265542836
United States Treasury Note/Bond,2011-08-15,2041-08-15,90.078125,90.28125,3.75,USD,90.1796875,0.0375,100.0,2,90.13153262721868,-0.0481548727813248
United States Treasury Note/Bond,2021-08-31,2041-08-15,66.65625,66.8125,1.75,USD,66.734375,0.0175,100.0,2,66.97975313651558,0.24537813651558338
United States Treasury Note/Bond,2011-11-15,2041-11-15,82.515625,82.75,3.125,USD,82.6328125,0.03125,100.0,2,82.65878738799297,0.025974887992973095
United States Treasury Note/Bond,2021-11-30,2041-11-15,69.140625,69.28125,2.0,USD,69.2109375,0.02,100.0,2,69.51164477018435,0.30070727018434695
United States Treasury Note/Bond,2012-02-15,2042-02-15,82.25,82.421875,3.125,USD,82.3359375,0.03125,100.0,2,82.44960973188762,0.11367223188761955
United States Treasury Note/Bond,2022-02-28,2042-02-15,73.1875,73.3125,2.375,USD,73.25,0.02375,100.0,2,73.59683105323333,0.3468310532333305
United States Treasury Note/Bond,2012-05-15,2042-05-15,80.421875,80.671875,3.0,USD,80.546875,0.03,100.0,2,80.74680891870557,0.1999339187055682
United States Treasury Note/Bond,2022-05-31,2042-05-15,83.453125,83.5625,3.25,USD,83.5078125,0.0325,100.0,2,83.72466188377976,0.21684938377975982
United States Treasury Note/Bond,2012-08-15,2042-08-15,77.09375,77.265625,2.75,USD,77.1796875,0.0275,100.0,2,77.52177474969682,0.34208724969681725
United States Treasury Note/Bond,2022-08-31,2042-08-15,84.6875,84.78125,3.375,USD,84.734375,0.03375,100.0,2,85.03799779446922,0.30362279446922
United States Treasury Note/Bond,2012-11-15,2042-11-15,76.734375,76.90625,2.75,USD,76.8203125,0.0275,100.0,2,77.25503015205214,0.43471765205214297
United States Treasury Note/Bond,2022-11-30,2042-11-15,92.140625,92.21875,4.0,USD,92.1796875,0.04,100.0,2,92.41863929022354,0.2389517902235383
United States Treasury Note/Bond,2013-02-15,2043-02-15,81.0,81.171875,3.125,USD,81.0859375,0.03125,100.0,2,81.60499791545043,0.5190604154504257
United States Treasury Note/Bond,2023-02-28,2043-02-15,90.421875,90.5,3.875,USD,90.4609375,0.03875,100.0,2,90.78701528988472,0.3260777898847209
United States Treasury Note/Bond,2013-05-15,2043-05-15,77.734375,77.90625,2.875,USD,77.8203125,0.02875,100.0,2,78.31426174595924,0.49394924595924294
United States Treasury Note/Bond,2023-05-31,2043-05-15,90.203125,90.28125,3.875,USD,90.2421875,0.03875,100.0,2,90.65926100093587,0.4170735009358708
United States Treasury Note/Bond,2013-08-15,2043-08-15,86.859375,86.984375,3.625,USD,86.921875,0.03625,100.0,2,87.43327441193162,0.5113994119316203
United States Treasury Note/Bond,2023-08-31,2043-08-15,96.375,96.4375,4.375,USD,96.40625,0.04375,100.0,2,96.77386830116824,0.36761830116823546
United States Treasury Note/Bond,2013-11-15,2043-11-15,88.265625,88.375,3.75,USD,88.3203125,0.0375,100.0,2,88.83506062048988,0.5147481204898838
United States Treasury Note/Bond,2023-11-30,2043-11-15,101.03125,101.078125,4.75,USD,101.0546875,0.0475,100.0,2,101.38885159774541,0.3341640977454148
United States Treasury Note/Bond,2014-02-18,2044-02-15,86.5,86.59375,3.625,USD,86.546875,0.03625,100.0,2,87.12974701044037,0.5828720104403686
United States Treasury Note/Bond,2024-02-29,2044-02-15,97.6875,97.734375,4.5,USD,97.7109375,0.045,100.0,2,98.20751465254071,0.4965771525407092
United States Treasury Note/Bond,2014-05-15,2044-05-15,83.140625,83.265625,3.375,USD,83.203125,0.03375,100.0,2,83.78791275368798,0.5847877536879764
United States Treasury Note/Bond,2024-05-31,2044-05-15,99.1875,99.234375,4.625,USD,99.2109375,0.04625,100.0,2,99.73472349864677,0.5237859986467726
United States Treasury Note/Bond,2014-08-15,2044-08-15,79.6875,79.828125,3.125,USD,79.7578125,0.03125,100.0,2,80.41392756451454,0.6561150645145375
United States Treasury Note/Bond,2024-09-03,2044-08-15,92.671875,92.703125,4.125,USD,92.6875,0.04125,100.0,2,93.27534345572309,0.5878434557230889
United States Treasury Note/Bond,2014-11-17,2044-11-15,77.890625,78.0,3.0,USD,77.9453125,0.03,100.0,2,78.58691476718141,0.6416022671814119
United States Treasury Note/Bond,2024-12-02,2044-11-15,99.078125,99.109375,4.625,USD,99.09375,0.04625,100.0,2,99.64048388139794,0.546733881397941
United States Treasury Note/Bond,2015-02-17,2045-02-15,71.28125,71.40625,2.5,USD,71.34375,0.025,100.0,2,71.86561702280235,0.5218670228023541
United States Treasury Note/Bond,2025-02-28,2045-02-15,101.0,101.03125,4.75,USD,101.015625,0.0475,100.0,2,101.24504808129689,0.22942308129688627
United States Treasury Note/Bond,2015-05-15,2045-05-15,77.546875,77.671875,3.0,USD,77.609375,0.03,100.0,2,78.19622360545328,0.5868486054532838
United States Treasury Note/Bond,2015-08-17,2045-08-15,75.765625,75.875,2.875,USD,75.8203125,0.02875,100.0,2,76.35236483797601,0.5320523379760118
United States Treasury Note/Bond,2015-11-16,2045-11-15,77.21875,77.34375,3.0,USD,77.28125,0.03,100.0,2,77.79913611556464,0.5178861155646359
United States Treasury Note/Bond,2016-02-16,2046-02-15,70.3125,70.4375,2.5,USD,70.375,0.025,100.0,2,70.89856813462171,0.523568134621712
United States Treasury Note/Bond,2016-05-16,2046-05-15,70.046875,70.171875,2.5,USD,70.109375,0.025,100.0,2,70.66562855647507,0.5562535564750704
United States Treasury Note/Bond,2016-08-15,2046-08-15,66.46875,66.59375,2.25,USD,66.53125,0.0225,100.0,2,67.03580117620184,0.5045511762018435
United States Treasury Note/Bond,2016-11-15,2046-11-15,74.6875,74.8125,2.875,USD,74.75,0.02875,100.0,2,75.33624537649658,0.5862453764965778
United States Treasury Note/Bond,2017-02-15,2047-02-15,76.171875,76.296875,3.0,USD,76.234375,0.03,100.0,2,76.87546007530423,0.6410850753042325
United States Treasury Note/Bond,2017-05-15,2047-05-15,76.0,76.125,3.0,USD,76.0625,0.03,100.0,2,76.69495240527208,0.6324524052720761
United States Treasury Note/Bond,2017-08-15,2047-08-15,72.359375,72.46875,2.75,USD,72.4140625,0.0275,100.0,2,73.03373155792474,0.6196690579247388
United States Treasury Note/Bond,2017-11-15,2047-11-15,72.171875,72.265625,2.75,USD,72.21875,0.0275,100.0,2,72.82290319160352,0.6041531916035154
United States Treasury Note/Bond,2018-02-15,2048-02-15,75.4375,75.546875,3.0,USD,75.4921875,0.03,100.0,2,76.17036301960088,0.6781755196008845
United States Treasury Note/Bond,2018-05-15,2048-05-15,77.03125,77.140625,3.125,USD,77.0859375,0.03125,100.0,2,77.77042782147538,0.6844903214753799
United States Treasury Note/Bond,2018-08-15,2048-08-15,75.09375,75.203125,3.0,USD,75.1484375,0.03,100.0,2,75.83294014489098,0.6845026448909834
United States Treasury Note/Bond,2018-11-15,2048-11-15,80.265625,80.375,3.375,USD,80.3203125,0.03375,100.0,2,81.04294913798438,0.7226366379843796
United States Treasury Note/Bond,2019-02-15,2049-02-15,74.828125,74.9375,3.0,USD,74.8828125,0.03,100.0,2,75.49483590055756,0.6120234005575611
United States Treasury Note/Bond,2019-05-15,2049-05-15,72.90625,73.0,2.875,USD,72.953125,0.02875,100.0,2,73.5133356396263,0.5602106396263054
United States Treasury Note/Bond,2019-08-15,2049-08-15,63.78125,63.875,2.25,USD,63.828125,0.0225,100.0,2,64.2142628489609,0.38613784896089953
United States Treasury Note/Bond,2019-11-15,2049-11-15,65.4375,65.53125,2.375,USD,65.484375,0.02375,100.0,2,65.8224936601389,0.33811866013890324
United States Treasury Note/Bond,2020-02-18,2050-02-15,59.84375,59.9375,2.0,USD,59.890625,0.02,100.0,2,60.08521539200143,0.19459039200143025
United States Treasury Note/Bond,2020-05-15,2050-05-15,48.984375,49.078125,1.25,USD,49.03125,0.0125,100.0,2,48.72544705551391,-0.30580294448608925
United States Treasury Note/Bond,2020-08-17,2050-08-15,50.328125,50.40625,1.375,USD,50.3671875,0.01375,100.0,2,50.30980954578641,-0.057377954213592375
United States Treasury Note/Bond,2020-11-16,2050-11-15,53.78125,53.875,1.625,USD,53.828125,0.01625,100.0,2,53.77912651583014,-0.04899848416985719
United States Treasury Note/Bond,2021-02-16,2051-02-15,57.34375,57.421875,1.875,USD,57.3828125,0.01875,100.0,2,57.300434002474454,-0.08237849752554638
United States Treasury Note/Bond,2021-05-17,2051-05-15,64.671875,64.765625,2.375,USD,64.71875,0.02375,100.0,2,64.64126905840855,-0.07748094159144614
United States Treasury Note/Bond,2021-08-16,2051-08-15,58.890625,58.96875,2.0,USD,58.9296875,0.02,100.0,2,58.755271613171296,-0.17441588682870446
United States Treasury Note/Bond,2021-11-15,2051-11-15,56.890625,56.96875,1.875,USD,56.9296875,0.01875,100.0,2,56.62250474113669,-0.3071827588633127
United States Treasury Note/Bond,2022-02-15,2052-02-15,62.421875,62.5,2.25,USD,62.4609375,0.0225,100.0,2,62.1622634418104,-0.29867405818959725
United States Treasury Note/Bond,2022-05-16,2052-05-15,71.859375,71.9375,2.875,USD,71.8984375,0.02875,100.0,2,71.59840290555228,-0.3000345944477232
United States Treasury Note/Bond,2022-08-15,2052-08-15,73.734375,73.8125,3.0,USD,73.7734375,0.03,100.0,2,73.39484710615694,-0.37859039384305504
United States Treasury Note/Bond,2022-11-15,2052-11-15,89.328125,89.40625,4.0,USD,89.3671875,0.04,100.0,2,88.78657610571352,-0.5806113942864783
United States Treasury Note/Bond,2023-02-15,2053-02-15,83.421875,83.515625,3.625,USD,83.46875,0.03625,100.0,2,82.87511190672583,-0.5936380932741656
United States Treasury Note/Bond,2023-05-15,2053-05-15,83.4375,83.515625,3.625,USD,83.4765625,0.03625,100.0,2,82.77663215113232,-0.6999303488676816
United States Treasury Note/Bond,2023-08-15,2053-08-15,91.359375,91.4375,4.125,USD,91.3984375,0.04125,100.0,2,90.56573714340854,-0.8327003565914595
United States Treasury Note/Bond,2023-11-15,2053-11-15,101.3125,101.359375,4.75,USD,101.3359375,0.0475,100.0,2,100.3626882934331,-0.973249206566905
United States Treasury Note/Bond,2024-02-15,2054-02-15,93.375,93.421875,4.25,USD,93.3984375,0.0425,100.0,2,92.42599916203797,-0.972438337962032
United States Treasury Note/Bond,2024-05-15,2054-05-15,99.4375,99.484375,4.625,USD,99.4609375,0.04625,100.0,2,98.33863777180781,-1.1222997281921891
United States Treasury Note/Bond,2024-08-15,2054-08-15,93.53125,93.578125,4.25,USD,93.5546875,0.0425,100.0,2,92.33169349913203,-1.2229940008679705
United States Treasury Note/Bond,2024-11-15,2054-11-15,97.625,97.65625,4.5,USD,97.640625,0.045,100.0,2,96.27516563857291,-1.3654593614270851
United States Treasury Note/Bond,2025-02-18,2055-02-15,99.765625,99.796875,4.625,USD,99.78125,0.04625,100.0,2,98.26930531858885,-1.5119446814111512
